-- phpMyAdmin SQL Dump
-- version 4.1.12
-- http://www.phpmyadmin.net
--
-- Servidor: 127.0.0.1
-- Tiempo de generación: 15-04-2016 a las 11:25:55
-- Versión del servidor: 5.6.16
-- Versión de PHP: 5.5.11

SET SQL_MODE = "NO_AUTO_VALUE_ON_ZERO";
SET time_zone = "+00:00";


/*!40101 SET @OLD_CHARACTER_SET_CLIENT=@@CHARACTER_SET_CLIENT */;
/*!40101 SET @OLD_CHARACTER_SET_RESULTS=@@CHARACTER_SET_RESULTS */;
/*!40101 SET @OLD_COLLATION_CONNECTION=@@COLLATION_CONNECTION */;
/*!40101 SET NAMES utf8 */;

--
-- Base de datos: `arquitect`
--

-- --------------------------------------------------------

--
-- Estructura de tabla para la tabla `comunidad`
--

CREATE TABLE IF NOT EXISTS `comunidad` (
  `id` int(11) NOT NULL AUTO_INCREMENT,
  `nombre` varchar(100) NOT NULL,
  PRIMARY KEY (`id`)
) ENGINE=InnoDB  DEFAULT CHARSET=latin1 AUTO_INCREMENT=20 ;

--
-- Volcado de datos para la tabla `comunidad`
--

INSERT INTO `comunidad` (`id`, `nombre`) VALUES
(1, 'Andalucía'),
(2, 'Aragón'),
(3, 'Asturias, Principado de'),
(4, 'Balears, Illes'),
(5, 'Canarias'),
(6, 'Cantabria'),
(7, 'Castilla y León'),
(8, 'Castilla - La Mancha'),
(9, 'Catalunya'),
(10, 'Comunitat Valenciana'),
(11, 'Extremadura'),
(12, 'Galicia'),
(13, 'Madrid, Comunidad de'),
(14, 'Murcia, Región de'),
(15, 'Navarra, Comunidad Foral de'),
(16, 'País Vasco'),
(17, 'Rioja, La'),
(18, 'Ceuta'),
(19, 'Melilla');

-- --------------------------------------------------------

--
-- Estructura de tabla para la tabla `empresa`
--

CREATE TABLE IF NOT EXISTS `empresa` (
  `id` int(11) NOT NULL AUTO_INCREMENT,
  `nombre` varchar(250) NOT NULL,
  PRIMARY KEY (`id`)
) ENGINE=InnoDB  DEFAULT CHARSET=latin1 AUTO_INCREMENT=3 ;

--
-- Volcado de datos para la tabla `empresa`
--

INSERT INTO `empresa` (`id`, `nombre`) VALUES
(1, 'Particular'),
(2, 'Ciegsa');

-- --------------------------------------------------------

--
-- Estructura de tabla para la tabla `gallery`
--

CREATE TABLE IF NOT EXISTS `gallery` (
  `id` int(11) NOT NULL AUTO_INCREMENT,
  `versions_data` text NOT NULL,
  `name` tinyint(1) NOT NULL DEFAULT '1',
  `description` tinyint(1) NOT NULL DEFAULT '1',
  PRIMARY KEY (`id`)
) ENGINE=InnoDB  DEFAULT CHARSET=latin1 AUTO_INCREMENT=8 ;

--
-- Volcado de datos para la tabla `gallery`
--

INSERT INTO `gallery` (`id`, `versions_data`, `name`, `description`) VALUES
(1, 'a:2:{s:7:"detalle";a:1:{s:6:"resize";a:2:{i:0;i:300;i:1;N;}}s:8:"completo";a:1:{s:6:"resize";a:2:{i:0;i:1150;i:1;N;}}}', 1, 1),
(2, 'a:2:{s:7:"detalle";a:1:{s:6:"resize";a:2:{i:0;i:300;i:1;N;}}s:8:"completo";a:1:{s:6:"resize";a:2:{i:0;i:1150;i:1;N;}}}', 1, 1),
(3, 'a:2:{s:7:"detalle";a:1:{s:6:"resize";a:2:{i:0;i:300;i:1;N;}}s:8:"completo";a:1:{s:6:"resize";a:2:{i:0;i:1150;i:1;N;}}}', 1, 1),
(4, 'a:2:{s:7:"detalle";a:1:{s:6:"resize";a:2:{i:0;i:300;i:1;N;}}s:8:"completo";a:1:{s:6:"resize";a:2:{i:0;i:1150;i:1;N;}}}', 1, 1),
(5, 'a:2:{s:7:"detalle";a:1:{s:6:"resize";a:2:{i:0;i:300;i:1;N;}}s:8:"completo";a:1:{s:6:"resize";a:2:{i:0;i:1150;i:1;N;}}}', 1, 1),
(6, 'a:2:{s:7:"detalle";a:1:{s:6:"resize";a:2:{i:0;i:300;i:1;N;}}s:8:"completo";a:1:{s:6:"resize";a:2:{i:0;i:1150;i:1;N;}}}', 1, 1),
(7, 'a:2:{s:7:"detalle";a:1:{s:6:"resize";a:2:{i:0;i:300;i:1;N;}}s:8:"completo";a:1:{s:6:"resize";a:2:{i:0;i:1150;i:1;N;}}}', 1, 1);

-- --------------------------------------------------------

--
-- Estructura de tabla para la tabla `gallery_photo`
--

CREATE TABLE IF NOT EXISTS `gallery_photo` (
  `id` int(11) NOT NULL AUTO_INCREMENT,
  `gallery_id` int(11) NOT NULL,
  `rank` int(11) NOT NULL DEFAULT '0',
  `name` varchar(512) NOT NULL DEFAULT '',
  `description` text,
  `file_name` varchar(128) NOT NULL DEFAULT '',
  PRIMARY KEY (`id`),
  KEY `fk_gallery_photo_gallery1` (`gallery_id`)
) ENGINE=InnoDB  DEFAULT CHARSET=latin1 AUTO_INCREMENT=38 ;

--
-- Volcado de datos para la tabla `gallery_photo`
--

INSERT INTO `gallery_photo` (`id`, `gallery_id`, `rank`, `name`, `description`, `file_name`) VALUES
(1, 1, 1, 'Fachada_princ', 'Fachada principal', 'GYB-NE.jpg'),
(2, 1, 2, 'Fachada_tras', 'Fachada trasera', 'GYB-SE.jpg'),
(3, 1, 5, 'Comedor', 'Comedor', 'GYB-Comedor.jpg'),
(4, 1, 4, 'Cocina', 'Cocina', 'gyb_cocina.jpg'),
(5, 1, 3, 'Estar', 'Estar', 'GYB-Estar.jpg'),
(6, 1, 6, 'Dormitorio', 'Dormitorio', 'GYB-Habitacion.jpg'),
(7, 1, 7, 'Terraza', 'Terraza', 'GYB-Terraza.jpg'),
(8, 2, 8, 'planta_general', 'Planta General del Proyecto', 'planta_general_low.jpg'),
(9, 2, 9, 'fachada2', 'Fachadas laterales', 'fachadas_lat_low.jpg'),
(10, 2, 10, 'fachadas1', 'Fachadas principales', 'fachadas_low.jpg'),
(11, 2, 11, 'plantaB', 'Planta baja', 'planta_general_low.jpg'),
(12, 2, 12, 'planta1', 'Planta primera', 'planta1_low.jpg'),
(13, 3, 13, 'Info1', 'Infografía fachada principal', 'B_AGV_Cam_001_D_LD_low.jpg'),
(14, 3, 14, 'Info2', 'Infografía vista lateral', 'B_AGV_Cam_002_D_LD_low.jpg'),
(15, 3, 17, 'Fachadas', 'Fachadas', 'alzados.jpg'),
(16, 3, 16, 'Atico', 'Ático', 'atico.jpg'),
(17, 3, 15, 'Planta_tipo', 'Planta Tipo 1 a 3', 'planta_tipo.jpg'),
(18, 3, 18, 'Secciones', 'Secciones', 'secciones.jpg'),
(20, 4, 24, 'Comedor', 'Comedor', '2low.jpg'),
(21, 4, 23, 'axonometrica', 'Vista superior', '3low.jpg'),
(23, 4, 20, 'fachada1', 'Vista de Fachada', '4low.jpg'),
(24, 4, 21, 'fachada2', 'Vista de Fachada', '5low.jpg'),
(25, 4, 25, 'Terraza', 'Terraza', '1low.jpg'),
(26, 5, 26, 'fachada2', 'Vista de fachada', '1low.jpg'),
(27, 5, 27, 'Terraza', 'Terraza', '3low.jpg'),
(28, 5, 28, 'fachada1', 'Vista de Fachada', '2low.jpg'),
(29, 5, 29, 'Entrada', 'Entrada', '4low.jpg'),
(30, 6, 31, 'fachada3', 'Vista de fachada', '1low.jpg'),
(31, 6, 32, 'fachada2', 'Vista de fachada', '2low.jpg'),
(32, 6, 33, 'fachada4', 'Vista de fachada', '3low.jpg'),
(33, 6, 34, 'Terraza', 'Terraza', '4low.jpg'),
(34, 6, 30, 'fachada1', 'Vista de fachada', '5low.jpg'),
(35, 7, 35, 'fachada3', 'Fachada', '1low.jpg'),
(36, 7, 36, 'fachada2', 'Fachada', '2low.jpg'),
(37, 7, 37, 'fachada1', 'Fachada', '3low.jpg');

-- --------------------------------------------------------

--
-- Estructura de tabla para la tabla `municipio`
--

CREATE TABLE IF NOT EXISTS `municipio` (
  `id` int(11) NOT NULL AUTO_INCREMENT,
  `nombre` varchar(100) NOT NULL,
  `provincia_id` int(11) NOT NULL,
  PRIMARY KEY (`id`),
  KEY `fk_provincia_idx` (`provincia_id`)
) ENGINE=InnoDB  DEFAULT CHARSET=latin1 AUTO_INCREMENT=8123 ;

--
-- Volcado de datos para la tabla `municipio`
--

INSERT INTO `municipio` (`id`, `nombre`, `provincia_id`) VALUES
(1, 'Alegría-Dulantzi', 1),
(2, 'Amurrio', 1),
(3, 'Añana', 1),
(4, 'Aramaio', 1),
(5, 'Armiñón', 1),
(6, 'Arraia-Maeztu', 1),
(7, 'Arrazua-Ubarrundia', 1),
(8, 'Artziniega', 1),
(9, 'Asparrena', 1),
(10, 'Ayala/Aiara', 1),
(11, 'Baños de Ebro/Mañueta', 1),
(12, 'Alegría-Dulantzi', 1),
(13, 'Amurrio', 1),
(14, 'Añana', 1),
(15, 'Aramaio', 1),
(16, 'Armiñón', 1),
(17, 'Arraia-Maeztu', 1),
(18, 'Arrazua-Ubarrundia', 1),
(19, 'Artziniega', 1),
(20, 'Asparrena', 1),
(21, 'Ayala/Aiara', 1),
(22, 'Baños de Ebro/Mañueta', 1),
(23, 'Barrundia', 1),
(24, 'Berantevilla', 1),
(25, 'Bernedo', 1),
(26, 'Campezo/Kanpezu', 1),
(27, 'Elburgo/Burgelu', 1),
(28, 'Elciego', 1),
(29, 'Elvillar/Bilar', 1),
(30, 'Harana/Valle de Arana', 1),
(31, 'Iruña Oka/Iruña de Oca', 1),
(32, 'Iruraiz-Gauna', 1),
(33, 'Kripan', 1),
(34, 'Kuartango', 1),
(35, 'Labastida/Bastida', 1),
(36, 'Lagrán', 1),
(37, 'Laguardia', 1),
(38, 'Lanciego/Lantziego', 1),
(39, 'Lantarón', 1),
(40, 'Lapuebla de Labarca', 1),
(41, 'Laudio/Llodio', 1),
(42, 'Legutiano', 1),
(43, 'Leza', 1),
(44, 'Moreda de Álava', 1),
(45, 'Navaridas', 1),
(46, 'Okondo', 1),
(47, 'Oyón-Oion', 1),
(48, 'Peñacerrada-Urizaharra', 1),
(49, 'Ribera Alta', 1),
(50, 'Ribera Baja/Erribera Beitia', 1),
(51, 'Salvatierra/Agurain', 1),
(52, 'Samaniego', 1),
(53, 'San Millán/Donemiliaga', 1),
(54, 'Urkabustaiz', 1),
(55, 'Valdegovía/Gaubea', 1),
(56, 'Villabuena de Álava/Eskuernaga', 1),
(57, 'Vitoria-Gasteiz', 1),
(58, 'Yécora/Iekora', 1),
(59, 'Zalduondo', 1),
(60, 'Zambrana', 1),
(61, 'Zigoitia', 1),
(62, 'Zuia', 1),
(63, 'Abengibre', 2),
(64, 'Alatoz', 2),
(65, 'Albacete', 2),
(66, 'Albatana', 2),
(67, 'Alborea', 2),
(68, 'Alcadozo', 2),
(69, 'Alcalá del Júcar', 2),
(70, 'Alcaraz', 2),
(71, 'Almansa', 2),
(72, 'Alpera', 2),
(73, 'Ayna', 2),
(74, 'Balazote', 2),
(75, 'Ballestero (El)', 2),
(76, 'Balsa de Ves', 2),
(77, 'Barrax', 2),
(78, 'Bienservida', 2),
(79, 'Bogarra', 2),
(80, 'Bonete', 2),
(81, 'Bonillo (El)', 2),
(82, 'Carcelén', 2),
(83, 'Casas de Juan Núñez', 2),
(84, 'Casas de Lázaro', 2),
(85, 'Casas de Ves', 2),
(86, 'Casas-Ibáñez', 2),
(87, 'Caudete', 2),
(88, 'Cenizate', 2),
(89, 'Chinchilla de Monte-Aragón', 2),
(90, 'Corral-Rubio', 2),
(91, 'Cotillas', 2),
(92, 'Elche de la Sierra', 2),
(93, 'Férez', 2),
(94, 'Fuensanta', 2),
(95, 'Fuente-Álamo', 2),
(96, 'Fuentealbilla', 2),
(97, 'Gineta (La)', 2),
(98, 'Golosalvo', 2),
(99, 'Hellín', 2),
(100, 'Herrera (La)', 2),
(101, 'Higueruela', 2),
(102, 'Hoya-Gonzalo', 2),
(103, 'Jorquera', 2),
(104, 'Letur', 2),
(105, 'Lezuza', 2),
(106, 'Liétor', 2),
(107, 'Madrigueras', 2),
(108, 'Mahora', 2),
(109, 'Masegoso', 2),
(110, 'Minaya', 2),
(111, 'Molinicos', 2),
(112, 'Montalvos', 2),
(113, 'Montealegre del Castillo', 2),
(114, 'Motilleja', 2),
(115, 'Munera', 2),
(116, 'Navas de Jorquera', 2),
(117, 'Nerpio', 2),
(118, 'Ontur', 2),
(119, 'Ossa de Montiel', 2),
(120, 'Paterna del Madera', 2),
(121, 'Peñas de San Pedro', 2),
(122, 'Peñascosa', 2),
(123, 'Pétrola', 2),
(124, 'Povedilla', 2),
(125, 'Pozo Cañada', 2),
(126, 'Pozohondo', 2),
(127, 'Pozo-Lorente', 2),
(128, 'Pozuelo', 2),
(129, 'Recueja (La)', 2),
(130, 'Riópar', 2),
(131, 'Robledo', 2),
(132, 'Roda (La)', 2),
(133, 'Salobre', 2),
(134, 'San Pedro', 2),
(135, 'Socovos', 2),
(136, 'Tarazona de la Mancha', 2),
(137, 'Tobarra', 2),
(138, 'Valdeganga', 2),
(139, 'Vianos', 2),
(140, 'Villa de Ves', 2),
(141, 'Villalgordo del Júcar', 2),
(142, 'Villamalea', 2),
(143, 'Villapalacios', 2),
(144, 'Villarrobledo', 2),
(145, 'Villatoya', 2),
(146, 'Villavaliente', 2),
(147, 'Villaverde de Guadalimar', 2),
(148, 'Viveros', 2),
(149, 'Yeste', 2),
(150, 'Adsubia', 3),
(151, 'Agost', 3),
(152, 'Agres', 3),
(153, 'Aigües', 3),
(154, 'Albatera', 3),
(155, 'Alcalalí', 3),
(156, 'Alcocer de Planes', 3),
(157, 'Alcoleja', 3),
(158, 'Alcoy/Alcoi', 3),
(159, 'Alfafara', 3),
(160, 'Alfàs del Pi (l'')', 3),
(161, 'Algorfa', 3),
(162, 'Algueña', 3),
(163, 'Alicante/Alacant', 3),
(164, 'Almoradí', 3),
(165, 'Almudaina', 3),
(166, 'Alqueria d''Asnar (l'')', 3),
(167, 'Altea', 3),
(168, 'Aspe', 3),
(169, 'Balones', 3),
(170, 'Banyeres de Mariola', 3),
(171, 'Benasau', 3),
(172, 'Beneixama', 3),
(173, 'Benejúzar', 3),
(174, 'Benferri', 3),
(175, 'Beniarbeig', 3),
(176, 'Beniardá', 3),
(177, 'Beniarrés', 3),
(178, 'Benidoleig', 3),
(179, 'Benidorm', 3),
(180, 'Benifallim', 3),
(181, 'Benifato', 3),
(182, 'Benigembla', 3),
(183, 'Benijófar', 3),
(184, 'Benilloba', 3),
(185, 'Benillup', 3),
(186, 'Benimantell', 3),
(187, 'Benimarfull', 3),
(188, 'Benimassot', 3),
(189, 'Benimeli', 3),
(190, 'Benissa', 3),
(191, 'Benitachell/Poble Nou de Benitatxell (el)', 3),
(192, 'Biar', 3),
(193, 'Bigastro', 3),
(194, 'Bolulla', 3),
(195, 'Busot', 3),
(196, 'Callosa de Segura', 3),
(197, 'Callosa d''En Sarrià', 3),
(198, 'Calpe/Calp', 3),
(199, 'Campello (el)', 3),
(200, 'Campo de Mirra/Camp de Mirra (el)', 3),
(201, 'Cañada', 3),
(202, 'Castalla', 3),
(203, 'Castell de Castells', 3),
(204, 'Castell de Guadalest (el)', 3),
(205, 'Catral', 3),
(206, 'Cocentaina', 3),
(207, 'Confrides', 3),
(208, 'Cox', 3),
(209, 'Crevillent', 3),
(210, 'Daya Nueva', 3),
(211, 'Daya Vieja', 3),
(212, 'Dénia', 3),
(213, 'Dolores', 3),
(214, 'Elche/Elx', 3),
(215, 'Elda', 3),
(216, 'Facheca', 3),
(217, 'Famorca', 3),
(218, 'Finestrat', 3),
(219, 'Fondó de les Neus (el)', 3),
(220, 'Formentera del Segura', 3),
(221, 'Gaianes', 3),
(222, 'Gata de Gorgos', 3),
(223, 'Gorga', 3),
(224, 'Granja de Rocamora', 3),
(225, 'Guardamar del Segura', 3),
(226, 'Hondón de los Frailes', 3),
(227, 'Ibi', 3),
(228, 'Jacarilla', 3),
(229, 'Jalón/Xaló', 3),
(230, 'Jávea/Xàbia', 3),
(231, 'Jijona/Xixona', 3),
(232, 'Llíber', 3),
(233, 'Lorcha/Orxa (l'')', 3),
(234, 'Millena', 3),
(235, 'Monforte del Cid', 3),
(236, 'Monóvar/Monòver', 3),
(237, 'Montesinos (Los)', 3),
(238, 'Murla', 3),
(239, 'Muro de Alcoy', 3),
(240, 'Mutxamel', 3),
(241, 'Novelda', 3),
(242, 'Nucia (la)', 3),
(243, 'Ondara', 3),
(244, 'Onil', 3),
(245, 'Orba', 3),
(246, 'Orihuela', 3),
(247, 'Orxeta', 3),
(248, 'Parcent', 3),
(249, 'Pedreguer', 3),
(250, 'Pego', 3),
(251, 'Penàguila', 3),
(252, 'Petrer', 3),
(253, 'Pilar de la Horadada', 3),
(254, 'Pinós (el)/Pinoso', 3),
(255, 'Planes', 3),
(256, 'Poblets (els)', 3),
(257, 'Polop', 3),
(258, 'Quatretondeta', 3),
(259, 'Rafal', 3),
(260, 'Ràfol d''Almúnia (El)', 3),
(261, 'Redován', 3),
(262, 'Relleu', 3),
(263, 'Rojales', 3),
(264, 'Romana (la)', 3),
(265, 'Sagra', 3),
(266, 'Salinas', 3),
(267, 'San Fulgencio', 3),
(268, 'San Isidro', 3),
(269, 'San Miguel de Salinas', 3),
(270, 'San Vicente del Raspeig/Sant Vicent del Raspeig', 3),
(271, 'Sanet y Negrals', 3),
(272, 'Sant Joan d''Alacant', 3),
(273, 'Santa Pola', 3),
(274, 'Sax', 3),
(275, 'Sella', 3),
(276, 'Senija', 3),
(277, 'Tàrbena', 3),
(278, 'Teulada', 3),
(279, 'Tibi', 3),
(280, 'Tollos', 3),
(281, 'Tormos', 3),
(282, 'Torremanzanas/Torre de les Maçanes (la)', 3),
(283, 'Torrevieja', 3),
(284, 'Vall d''Alcalà (la)', 3),
(285, 'Vall de Ebo', 3),
(286, 'Vall de Gallinera', 3),
(287, 'Vall de Laguar (la)', 3),
(288, 'Verger (el)', 3),
(289, 'Villajoyosa/Vila Joiosa (la)', 3),
(290, 'Villena', 3),
(291, 'Abla', 4),
(292, 'Abrucena', 4),
(293, 'Adra', 4),
(294, 'Albánchez', 4),
(295, 'Alboloduy', 4),
(296, 'Albox', 4),
(297, 'Alcolea', 4),
(298, 'Alcóntar', 4),
(299, 'Alcudia de Monteagud', 4),
(300, 'Alhabia', 4),
(301, 'Alhama de Almería', 4),
(302, 'Alicún', 4),
(303, 'Almería', 4),
(304, 'Almócita', 4),
(305, 'Alsodux', 4),
(306, 'Antas', 4),
(307, 'Arboleas', 4),
(308, 'Armuña de Almanzora', 4),
(309, 'Bacares', 4),
(310, 'Bayárcal', 4),
(311, 'Bayarque', 4),
(312, 'Bédar', 4),
(313, 'Beires', 4),
(314, 'Benahadux', 4),
(315, 'Benitagla', 4),
(316, 'Benizalón', 4),
(317, 'Bentarique', 4),
(318, 'Berja', 4),
(319, 'Canjáyar', 4),
(320, 'Cantoria', 4),
(321, 'Carboneras', 4),
(322, 'Castro de Filabres', 4),
(323, 'Chercos', 4),
(324, 'Chirivel', 4),
(325, 'Cóbdar', 4),
(326, 'Cuevas del Almanzora', 4),
(327, 'Dalías', 4),
(328, 'Ejido (El)', 4),
(329, 'Enix', 4),
(330, 'Felix', 4),
(331, 'Fines', 4),
(332, 'Fiñana', 4),
(333, 'Fondón', 4),
(334, 'Gádor', 4),
(335, 'Gallardos (Los)', 4),
(336, 'Garrucha', 4),
(337, 'Gérgal', 4),
(338, 'Huécija', 4),
(339, 'Huércal de Almería', 4),
(340, 'Huércal-Overa', 4),
(341, 'Illar', 4),
(342, 'Instinción', 4),
(343, 'Laroya', 4),
(344, 'Láujar de Andarax', 4),
(345, 'Líjar', 4),
(346, 'Lubrín', 4),
(347, 'Lucainena de las Torres', 4),
(348, 'Lúcar', 4),
(349, 'Macael', 4),
(350, 'María', 4),
(351, 'Mojácar', 4),
(352, 'Mojonera (La)', 4),
(353, 'Nacimiento', 4),
(354, 'Níjar', 4),
(355, 'Ohanes', 4),
(356, 'Olula de Castro', 4),
(357, 'Olula del Río', 4),
(358, 'Oria', 4),
(359, 'Padules', 4),
(360, 'Partaloa', 4),
(361, 'Paterna del Río', 4),
(362, 'Pechina', 4),
(363, 'Pulpí', 4),
(364, 'Purchena', 4),
(365, 'Rágol', 4),
(366, 'Rioja', 4),
(367, 'Roquetas de Mar', 4),
(368, 'Santa Cruz de Marchena', 4),
(369, 'Santa Fe de Mondújar', 4),
(370, 'Senés', 4),
(371, 'Serón', 4),
(372, 'Sierro', 4),
(373, 'Somontín', 4),
(374, 'Sorbas', 4),
(375, 'Suflí', 4),
(376, 'Tabernas', 4),
(377, 'Taberno', 4),
(378, 'Tahal', 4),
(379, 'Terque', 4),
(380, 'Tíjola', 4),
(381, 'Tres Villas (Las)', 4),
(382, 'Turre', 4),
(383, 'Turrillas', 4),
(384, 'Uleila del Campo', 4),
(385, 'Urrácal', 4),
(386, 'Velefique', 4),
(387, 'Vélez-Blanco', 4),
(388, 'Vélez-Rubio', 4),
(389, 'Vera', 4),
(390, 'Viator', 4),
(391, 'Vícar', 4),
(392, 'Zurgena', 4),
(393, 'Adanero', 5),
(394, 'Adrada (La)', 5),
(395, 'Albornos', 5),
(396, 'Aldeanueva de Santa Cruz', 5),
(397, 'Aldeaseca', 5),
(398, 'Aldehuela (La)', 5),
(399, 'Amavida', 5),
(400, 'Arenal (El)', 5),
(401, 'Arenas de San Pedro', 5),
(402, 'Arevalillo', 5),
(403, 'Arévalo', 5),
(404, 'Aveinte', 5),
(405, 'Avellaneda', 5),
(406, 'Ávila', 5),
(407, 'Barco de Ávila (El)', 5),
(408, 'Barraco (El)', 5),
(409, 'Barromán', 5),
(410, 'Becedas', 5),
(411, 'Becedillas', 5),
(412, 'Bercial de Zapardiel', 5),
(413, 'Berlanas (Las)', 5),
(414, 'Bernuy-Zapardiel', 5),
(415, 'Berrocalejo de Aragona', 5),
(416, 'Blascomillán', 5),
(417, 'Blasconuño de Matacabras', 5),
(418, 'Blascosancho', 5),
(419, 'Bohodón (El)', 5),
(420, 'Bohoyo', 5),
(421, 'Bonilla de la Sierra', 5),
(422, 'Brabos', 5),
(423, 'Bularros', 5),
(424, 'Burgohondo', 5),
(425, 'Cabezas de Alambre', 5),
(426, 'Cabezas del Pozo', 5),
(427, 'Cabezas del Villar', 5),
(428, 'Cabizuela', 5),
(429, 'Canales', 5),
(430, 'Candeleda', 5),
(431, 'Cantiveros', 5),
(432, 'Cardeñosa', 5),
(433, 'Carrera (La)', 5),
(434, 'Casas del Puerto', 5),
(435, 'Casasola', 5),
(436, 'Casavieja', 5),
(437, 'Casillas', 5),
(438, 'Castellanos de Zapardiel', 5),
(439, 'Cebreros', 5),
(440, 'Cepeda la Mora', 5),
(441, 'Chamartín', 5),
(442, 'Cillán', 5),
(443, 'Cisla', 5),
(444, 'Colilla (La)', 5),
(445, 'Collado de Contreras', 5),
(446, 'Collado del Mirón', 5),
(447, 'Constanzana', 5),
(448, 'Crespos', 5),
(449, 'Cuevas del Valle', 5),
(450, 'Diego del Carpio', 5),
(451, 'Donjimeno', 5),
(452, 'Donvidas', 5),
(453, 'Espinosa de los Caballeros', 5),
(454, 'Flores de Ávila', 5),
(455, 'Fontiveros', 5),
(456, 'Fresnedilla', 5),
(457, 'Fresno (El)', 5),
(458, 'Fuente el Saúz', 5),
(459, 'Fuentes de Año', 5),
(460, 'Gallegos de Altamiros', 5),
(461, 'Gallegos de Sobrinos', 5),
(462, 'Garganta del Villar', 5),
(463, 'Gavilanes', 5),
(464, 'Gemuño', 5),
(465, 'Gil García', 5),
(466, 'Gilbuena', 5),
(467, 'Gimialcón', 5),
(468, 'Gotarrendura', 5),
(469, 'Grandes y San Martín', 5),
(470, 'Guisando', 5),
(471, 'Gutierre-Muñoz', 5),
(472, 'Hernansancho', 5),
(473, 'Herradón de Pinares', 5),
(474, 'Herreros de Suso', 5),
(475, 'Higuera de las Dueñas', 5),
(476, 'Hija de Dios (La)', 5),
(477, 'Horcajada (La)', 5),
(478, 'Horcajo de las Torres', 5),
(479, 'Hornillo (El)', 5),
(480, 'Hoyo de Pinares (El)', 5),
(481, 'Hoyocasero', 5),
(482, 'Hoyorredondo', 5),
(483, 'Hoyos de Miguel Muñoz', 5),
(484, 'Hoyos del Collado', 5),
(485, 'Hoyos del Espino', 5),
(486, 'Hurtumpascual', 5),
(487, 'Junciana', 5),
(488, 'Langa', 5),
(489, 'Lanzahíta', 5),
(490, 'Llanos de Tormes (Los)', 5),
(491, 'Losar del Barco (El)', 5),
(492, 'Madrigal de las Altas Torres', 5),
(493, 'Maello', 5),
(494, 'Malpartida de Corneja', 5),
(495, 'Mamblas', 5),
(496, 'Mancera de Arriba', 5),
(497, 'Manjabálago', 5),
(498, 'Marlín', 5),
(499, 'Martiherrero', 5),
(500, 'Martínez', 5),
(501, 'Mediana de Voltoya', 5),
(502, 'Medinilla', 5),
(503, 'Mengamuñoz', 5),
(504, 'Mesegar de Corneja', 5),
(505, 'Mijares', 5),
(506, 'Mingorría', 5),
(507, 'Mirón (El)', 5),
(508, 'Mironcillo', 5),
(509, 'Mirueña de los Infanzones', 5),
(510, 'Mombeltrán', 5),
(511, 'Monsalupe', 5),
(512, 'Moraleja de Matacabras', 5),
(513, 'Muñana', 5),
(514, 'Muñico', 5),
(515, 'Muñogalindo', 5),
(516, 'Muñogrande', 5),
(517, 'Muñomer del Peco', 5),
(518, 'Muñopepe', 5),
(519, 'Muñosancho', 5),
(520, 'Muñotello', 5),
(521, 'Narrillos del Álamo', 5),
(522, 'Narrillos del Rebollar', 5),
(523, 'Narros de Saldueña', 5),
(524, 'Narros del Castillo', 5),
(525, 'Narros del Puerto', 5),
(526, 'Nava de Arévalo', 5),
(527, 'Nava del Barco', 5),
(528, 'Navacepedilla de Corneja', 5),
(529, 'Navadijos', 5),
(530, 'Navaescurial', 5),
(531, 'Navahondilla', 5),
(532, 'Navalacruz', 5),
(533, 'Navalmoral', 5),
(534, 'Navalonguilla', 5),
(535, 'Navalosa', 5),
(536, 'Navalperal de Pinares', 5),
(537, 'Navalperal de Tormes', 5),
(538, 'Navaluenga', 5),
(539, 'Navaquesera', 5),
(540, 'Navarredonda de Gredos', 5),
(541, 'Navarredondilla', 5),
(542, 'Navarrevisca', 5),
(543, 'Navas del Marqués (Las)', 5),
(544, 'Navatalgordo', 5),
(545, 'Navatejares', 5),
(546, 'Neila de San Miguel', 5),
(547, 'Niharra', 5),
(548, 'Ojos-Albos', 5),
(549, 'Orbita', 5),
(550, 'Oso (El)', 5),
(551, 'Padiernos', 5),
(552, 'Pajares de Adaja', 5),
(553, 'Palacios de Goda', 5),
(554, 'Papatrigo', 5),
(555, 'Parral (El)', 5),
(556, 'Pascualcobo', 5),
(557, 'Pedro Bernardo', 5),
(558, 'Pedro-Rodríguez', 5),
(559, 'Peguerinos', 5),
(560, 'Peñalba de Ávila', 5),
(561, 'Piedrahíta', 5),
(562, 'Piedralaves', 5),
(563, 'Poveda', 5),
(564, 'Poyales del Hoyo', 5),
(565, 'Pozanco', 5),
(566, 'Pradosegar', 5),
(567, 'Puerto Castilla', 5),
(568, 'Rasueros', 5),
(569, 'Riocabado', 5),
(570, 'Riofrío', 5),
(571, 'Rivilla de Barajas', 5),
(572, 'Salobral', 5),
(573, 'Salvadiós', 5),
(574, 'San Bartolomé de Béjar', 5),
(575, 'San Bartolomé de Corneja', 5),
(576, 'San Bartolomé de Pinares', 5),
(577, 'San Esteban de los Patos', 5),
(578, 'San Esteban de Zapardiel', 5),
(579, 'San Esteban del Valle', 5),
(580, 'San García de Ingelmos', 5),
(581, 'San Juan de Gredos', 5),
(582, 'San Juan de la Encinilla', 5),
(583, 'San Juan de la Nava', 5),
(584, 'San Juan del Molinillo', 5),
(585, 'San Juan del Olmo', 5),
(586, 'San Lorenzo de Tormes', 5),
(587, 'San Martín de la Vega del Alberche', 5),
(588, 'San Martín del Pimpollar', 5),
(589, 'San Miguel de Corneja', 5),
(590, 'San Miguel de Serrezuela', 5),
(591, 'San Pascual', 5),
(592, 'San Pedro del Arroyo', 5),
(593, 'San Vicente de Arévalo', 5),
(594, 'Sanchidrián', 5),
(595, 'Sanchorreja', 5),
(596, 'Santa Cruz de Pinares', 5),
(597, 'Santa Cruz del Valle', 5),
(598, 'Santa María de los Caballeros', 5),
(599, 'Santa María del Arroyo', 5),
(600, 'Santa María del Berrocal', 5),
(601, 'Santa María del Cubillo', 5),
(602, 'Santa María del Tiétar', 5),
(603, 'Santiago del Collado', 5),
(604, 'Santiago del Tormes', 5),
(605, 'Santo Domingo de las Posadas', 5),
(606, 'Santo Tomé de Zabarcos', 5),
(607, 'Serrada (La)', 5),
(608, 'Serranillos', 5),
(609, 'Sigeres', 5),
(610, 'Sinlabajos', 5),
(611, 'Solana de Ávila', 5),
(612, 'Solana de Rioalmar', 5),
(613, 'Solosancho', 5),
(614, 'Sotalbo', 5),
(615, 'Sotillo de la Adrada', 5),
(616, 'Tiemblo (El)', 5),
(617, 'Tiñosillos', 5),
(618, 'Tolbaños', 5),
(619, 'Tormellas', 5),
(620, 'Tornadizos de Ávila', 5),
(621, 'Torre (La)', 5),
(622, 'Tórtoles', 5),
(623, 'Umbrías', 5),
(624, 'Vadillo de la Sierra', 5),
(625, 'Valdecasa', 5),
(626, 'Vega de Santa María', 5),
(627, 'Velayos', 5),
(628, 'Villaflor', 5),
(629, 'Villafranca de la Sierra', 5),
(630, 'Villanueva de Ávila', 5),
(631, 'Villanueva de Gómez', 5),
(632, 'Villanueva del Aceral', 5),
(633, 'Villanueva del Campillo', 5),
(634, 'Villar de Corneja', 5),
(635, 'Villarejo del Valle', 5),
(636, 'Villatoro', 5),
(637, 'Viñegra de Moraña', 5),
(638, 'Vita', 5),
(639, 'Zapardiel de la Cañada', 5),
(640, 'Zapardiel de la Ribera', 5),
(641, 'Acedera', 6),
(642, 'Aceuchal', 6),
(643, 'Ahillones', 6),
(644, 'Alange', 6),
(645, 'Albuera (La)', 6),
(646, 'Alburquerque', 6),
(647, 'Alconchel', 6),
(648, 'Alconera', 6),
(649, 'Aljucén', 6),
(650, 'Almendral', 6),
(651, 'Almendralejo', 6),
(652, 'Arroyo de San Serván', 6),
(653, 'Atalaya', 6),
(654, 'Azuaga', 6),
(655, 'Badajoz', 6),
(656, 'Barcarrota', 6),
(657, 'Baterno', 6),
(658, 'Benquerencia de la Serena', 6),
(659, 'Berlanga', 6),
(660, 'Bienvenida', 6),
(661, 'Bodonal de la Sierra', 6),
(662, 'Burguillos del Cerro', 6),
(663, 'Cabeza del Buey', 6),
(664, 'Cabeza la Vaca', 6),
(665, 'Calamonte', 6),
(666, 'Calera de León', 6),
(667, 'Calzadilla de los Barros', 6),
(668, 'Campanario', 6),
(669, 'Campillo de Llerena', 6),
(670, 'Capilla', 6),
(671, 'Carmonita', 6),
(672, 'Carrascalejo (El)', 6),
(673, 'Casas de Don Pedro', 6),
(674, 'Casas de Reina', 6),
(675, 'Castilblanco', 6),
(676, 'Castuera', 6),
(677, 'Cheles', 6),
(678, 'Codosera (La)', 6),
(679, 'Cordobilla de Lácara', 6),
(680, 'Coronada (La)', 6),
(681, 'Corte de Peleas', 6),
(682, 'Cristina', 6),
(683, 'Don Álvaro', 6),
(684, 'Don Benito', 6),
(685, 'Entrín Bajo', 6),
(686, 'Esparragalejo', 6),
(687, 'Esparragosa de la Serena', 6),
(688, 'Esparragosa de Lares', 6),
(689, 'Feria', 6),
(690, 'Fregenal de la Sierra', 6),
(691, 'Fuenlabrada de los Montes', 6),
(692, 'Fuente de Cantos', 6),
(693, 'Fuente del Arco', 6),
(694, 'Fuente del Maestre', 6),
(695, 'Fuentes de León', 6),
(696, 'Garbayuela', 6),
(697, 'Garlitos', 6),
(698, 'Garrovilla (La)', 6),
(699, 'Granja de Torrehermosa', 6),
(700, 'Guareña', 6),
(701, 'Haba (La)', 6),
(702, 'Helechosa de los Montes', 6),
(703, 'Herrera del Duque', 6),
(704, 'Higuera de la Serena', 6),
(705, 'Higuera de Llerena', 6),
(706, 'Higuera de Vargas', 6),
(707, 'Higuera la Real', 6),
(708, 'Hinojosa del Valle', 6),
(709, 'Hornachos', 6),
(710, 'Jerez de los Caballeros', 6),
(711, 'Lapa (La)', 6),
(712, 'Llera', 6),
(713, 'Llerena', 6),
(714, 'Lobón', 6),
(715, 'Magacela', 6),
(716, 'Maguilla', 6),
(717, 'Malcocinado', 6),
(718, 'Malpartida de la Serena', 6),
(719, 'Manchita', 6),
(720, 'Medellín', 6),
(721, 'Medina de las Torres', 6),
(722, 'Mengabril', 6),
(723, 'Mérida', 6),
(724, 'Mirandilla', 6),
(725, 'Monesterio', 6),
(726, 'Montemolín', 6),
(727, 'Monterrubio de la Serena', 6),
(728, 'Montijo', 6),
(729, 'Morera (La)', 6),
(730, 'Nava de Santiago (La)', 6),
(731, 'Navalvillar de Pela', 6),
(732, 'Nogales', 6),
(733, 'Oliva de la Frontera', 6),
(734, 'Oliva de Mérida', 6),
(735, 'Olivenza', 6),
(736, 'Orellana de la Sierra', 6),
(737, 'Orellana la Vieja', 6),
(738, 'Palomas', 6),
(739, 'Parra (La)', 6),
(740, 'Peñalsordo', 6),
(741, 'Peraleda del Zaucejo', 6),
(742, 'Puebla de Alcocer', 6),
(743, 'Puebla de la Calzada', 6),
(744, 'Puebla de la Reina', 6),
(745, 'Puebla de Obando', 6),
(746, 'Puebla de Sancho Pérez', 6),
(747, 'Puebla del Maestre', 6),
(748, 'Puebla del Prior', 6),
(749, 'Pueblonuevo del Guadiana', 6),
(750, 'Quintana de la Serena', 6),
(751, 'Reina', 6),
(752, 'Rena', 6),
(753, 'Retamal de Llerena', 6),
(754, 'Ribera del Fresno', 6),
(755, 'Risco', 6),
(756, 'Roca de la Sierra (La)', 6),
(757, 'Salvaleón', 6),
(758, 'Salvatierra de los Barros', 6),
(759, 'San Pedro de Mérida', 6),
(760, 'San Vicente de Alcántara', 6),
(761, 'Sancti-Spíritus', 6),
(762, 'Santa Amalia', 6),
(763, 'Santa Marta', 6),
(764, 'Santos de Maimona (Los)', 6),
(765, 'Segura de León', 6),
(766, 'Siruela', 6),
(767, 'Solana de los Barros', 6),
(768, 'Talarrubias', 6),
(769, 'Talavera la Real', 6),
(770, 'Táliga', 6),
(771, 'Tamurejo', 6),
(772, 'Torre de Miguel Sesmero', 6),
(773, 'Torremayor', 6),
(774, 'Torremejía', 6),
(775, 'Trasierra', 6),
(776, 'Trujillanos', 6),
(777, 'Usagre', 6),
(778, 'Valdecaballeros', 6),
(779, 'Valdelacalzada', 6),
(780, 'Valdetorres', 6),
(781, 'Valencia de las Torres', 6),
(782, 'Valencia del Mombuey', 6),
(783, 'Valencia del Ventoso', 6),
(784, 'Valle de la Serena', 6),
(785, 'Valle de Matamoros', 6),
(786, 'Valle de Santa Ana', 6),
(787, 'Valverde de Burguillos', 6),
(788, 'Valverde de Leganés', 6),
(789, 'Valverde de Llerena', 6),
(790, 'Valverde de Mérida', 6),
(791, 'Villafranca de los Barros', 6),
(792, 'Villagarcía de la Torre', 6),
(793, 'Villagonzalo', 6),
(794, 'Villalba de los Barros', 6),
(795, 'Villanueva de la Serena', 6),
(796, 'Villanueva del Fresno', 6),
(797, 'Villar de Rena', 6),
(798, 'Villar del Rey', 6),
(799, 'Villarta de los Montes', 6),
(800, 'Zafra', 6),
(801, 'Zahínos', 6),
(802, 'Zalamea de la Serena', 6),
(803, 'Zarza (La)', 6),
(804, 'Zarza-Capilla', 6),
(805, 'Alaior', 7),
(806, 'Alaró', 7),
(807, 'Alcúdia', 7),
(808, 'Algaida', 7),
(809, 'Andratx', 7),
(810, 'Ariany', 7),
(811, 'Artà', 7),
(812, 'Banyalbufar', 7),
(813, 'Binissalem', 7),
(814, 'Búger', 7),
(815, 'Bunyola', 7),
(816, 'Calvià', 7),
(817, 'Campanet', 7),
(818, 'Campos', 7),
(819, 'Capdepera', 7),
(820, 'Castell (Es)', 7),
(821, 'Ciutadella de Menorca', 7),
(822, 'Consell', 7),
(823, 'Costitx', 7),
(824, 'Deyá', 7),
(825, 'Eivissa', 7),
(826, 'Escorca', 7),
(827, 'Esporles', 7),
(828, 'Estellencs', 7),
(829, 'Felanitx', 7),
(830, 'Ferreries', 7),
(831, 'Formentera', 7),
(832, 'Fornalutx', 7),
(833, 'Inca', 7),
(834, 'Lloret de Vistalegre', 7),
(835, 'Lloseta', 7),
(836, 'Llubí', 7),
(837, 'Llucmajor', 7),
(838, 'Manacor', 7),
(839, 'Mancor de la Vall', 7),
(840, 'Maó', 7),
(841, 'Maria de la Salut', 7),
(842, 'Marratxí', 7),
(843, 'Mercadal (Es)', 7),
(844, 'Migjorn Gran (Es)', 7),
(845, 'Montuïri', 7),
(846, 'Muro', 7),
(847, 'Palma de Mallorca', 7),
(848, 'Petra', 7),
(849, 'Pobla (Sa)', 7),
(850, 'Pollença', 7),
(851, 'Porreres', 7),
(852, 'Puigpunyent', 7),
(853, 'Salines (Ses)', 7),
(854, 'Sant Antoni de Portmany', 7),
(855, 'Sant Joan', 7),
(856, 'Sant Joan de Labritja', 7),
(857, 'Sant Josep de sa Talaia', 7),
(858, 'Sant Llorenç des Cardassar', 7),
(859, 'Sant Lluís', 7),
(860, 'Santa Eugènia', 7),
(861, 'Santa Eulalia del Río', 7),
(862, 'Santa Margalida', 7),
(863, 'Santa María del Camí', 7),
(864, 'Santanyí', 7),
(865, 'Selva', 7),
(866, 'Sencelles', 7),
(867, 'Sineu', 7),
(868, 'Sóller', 7),
(869, 'Son Servera', 7),
(870, 'Valldemossa', 7),
(871, 'Vilafranca de Bonany', 7),
(872, 'Abrera', 8),
(873, 'Aguilar de Segarra', 8),
(874, 'Aiguafreda', 8),
(875, 'Alella', 8),
(876, 'Alpens', 8),
(877, 'Ametlla del Vallès (L'')', 8),
(878, 'Arenys de Mar', 8),
(879, 'Arenys de Munt', 8),
(880, 'Argençola', 8),
(881, 'Argentona', 8),
(882, 'Artés', 8),
(883, 'Avià', 8),
(884, 'Avinyó', 8),
(885, 'Avinyonet del Penedès', 8),
(886, 'Badalona', 8),
(887, 'Badia del Vallès', 8),
(888, 'Bagà', 8),
(889, 'Balenyà', 8),
(890, 'Balsareny', 8),
(891, 'Barberà del Vallès', 8),
(892, 'Barcelona', 8),
(893, 'Begues', 8),
(894, 'Bellprat', 8),
(895, 'Berga', 8),
(896, 'Bigues i Riells', 8),
(897, 'Borredà', 8),
(898, 'Bruc (El)', 8),
(899, 'Brull (El)', 8),
(900, 'Cabanyes (Les)', 8),
(901, 'Cabrera de Mar', 8),
(902, 'Cabrera d''Igualada', 8),
(903, 'Cabrils', 8),
(904, 'Calaf', 8),
(905, 'Calders', 8),
(906, 'Caldes de Montbui', 8),
(907, 'Caldes d''Estrac', 8),
(908, 'Calella', 8),
(909, 'Calldetenes', 8),
(910, 'Callús', 8),
(911, 'Calonge de Segarra', 8),
(912, 'Campins', 8),
(913, 'Canet de Mar', 8),
(914, 'Canovelles', 8),
(915, 'Cànoves i Samalús', 8),
(916, 'Canyelles', 8),
(917, 'Capellades', 8),
(918, 'Capolat', 8),
(919, 'Cardedeu', 8),
(920, 'Cardona', 8),
(921, 'Carme', 8),
(922, 'Casserres', 8),
(923, 'Castell de l''Areny', 8),
(924, 'Castellar de n''Hug', 8),
(925, 'Castellar del Riu', 8),
(926, 'Castellar del Vallès', 8),
(927, 'Castellbell i el Vilar', 8),
(928, 'Castellbisbal', 8),
(929, 'Castellcir', 8),
(930, 'Castelldefels', 8),
(931, 'Castellet i la Gornal', 8),
(932, 'Castellfollit de Riubregós', 8),
(933, 'Castellfollit del Boix', 8),
(934, 'Castellgalí', 8),
(935, 'Castellnou de Bages', 8),
(936, 'Castellolí', 8),
(937, 'Castellterçol', 8),
(938, 'Castellví de la Marca', 8),
(939, 'Castellví de Rosanes', 8),
(940, 'Centelles', 8),
(941, 'Cercs', 8),
(942, 'Cerdanyola del Vallès', 8),
(943, 'Cervelló', 8),
(944, 'Collbató', 8),
(945, 'Collsuspina', 8),
(946, 'Copons', 8),
(947, 'Corbera de Llobregat', 8),
(948, 'Cornellà de Llobregat', 8),
(949, 'Cubelles', 8),
(950, 'Dosrius', 8),
(951, 'Esparreguera', 8),
(952, 'Esplugues de Llobregat', 8),
(953, 'Espunyola (L'')', 8),
(954, 'Estany (L'')', 8),
(955, 'Figaró-Montmany', 8),
(956, 'Fígols', 8),
(957, 'Fogars de la Selva', 8),
(958, 'Fogars de Montclús', 8),
(959, 'Folgueroles', 8),
(960, 'Fonollosa', 8),
(961, 'Font-rubí', 8),
(962, 'Franqueses del Vallès (Les)', 8),
(963, 'Gaià', 8),
(964, 'Gallifa', 8),
(965, 'Garriga (La)', 8),
(966, 'Gavà', 8),
(967, 'Gelida', 8),
(968, 'Gironella', 8),
(969, 'Gisclareny', 8),
(970, 'Granada (La)', 8),
(971, 'Granera', 8),
(972, 'Granollers', 8),
(973, 'Gualba', 8),
(974, 'Guardiola de Berguedà', 8),
(975, 'Gurb', 8),
(976, 'Hospitalet de Llobregat (L'')', 8),
(977, 'Hostalets de Pierola (Els)', 8),
(978, 'Igualada', 8),
(979, 'Jorba', 8),
(980, 'Llacuna (La)', 8),
(981, 'Llagosta (La)', 8),
(982, 'Lliçà d''Amunt', 8),
(983, 'Lliçà de Vall', 8),
(984, 'Llinars del Vallès', 8),
(985, 'Lluçà', 8),
(986, 'Malgrat de Mar', 8),
(987, 'Malla', 8),
(988, 'Manlleu', 8),
(989, 'Manresa', 8),
(990, 'Marganell', 8),
(991, 'Martorell', 8),
(992, 'Martorelles', 8),
(993, 'Masies de Roda (Les)', 8),
(994, 'Masies de Voltregà (Les)', 8),
(995, 'Masnou (El)', 8),
(996, 'Masquefa', 8),
(997, 'Matadepera', 8),
(998, 'Mataró', 8),
(999, 'Mediona', 8),
(1000, 'Moià', 8),
(1001, 'Molins de Rei', 8),
(1002, 'Mollet del Vallès', 8),
(1003, 'Monistrol de Calders', 8),
(1004, 'Monistrol de Montserrat', 8),
(1005, 'Montcada i Reixac', 8),
(1006, 'Montclar', 8),
(1007, 'Montesquiu', 8),
(1008, 'Montgat', 8),
(1009, 'Montmajor', 8),
(1010, 'Montmaneu', 8),
(1011, 'Montmeló', 8),
(1012, 'Montornès del Vallès', 8),
(1013, 'Montseny', 8),
(1014, 'Muntanyola', 8),
(1015, 'Mura', 8),
(1016, 'Navarcles', 8),
(1017, 'Navàs', 8),
(1018, 'Nou de Berguedà (La)', 8),
(1019, 'Òdena', 8),
(1020, 'Olèrdola', 8),
(1021, 'Olesa de Bonesvalls', 8),
(1022, 'Olesa de Montserrat', 8),
(1023, 'Olivella', 8),
(1024, 'Olost', 8),
(1025, 'Olvan', 8),
(1026, 'Orís', 8),
(1027, 'Oristà', 8),
(1028, 'Orpí', 8),
(1029, 'Òrrius', 8),
(1030, 'Pacs del Penedès', 8),
(1031, 'Palafolls', 8),
(1032, 'Palau-solità i Plegamans', 8),
(1033, 'Pallejà', 8),
(1034, 'Palma de Cervelló (La)', 8),
(1035, 'Papiol (El)', 8),
(1036, 'Parets del Vallès', 8),
(1037, 'Perafita', 8),
(1038, 'Piera', 8),
(1039, 'Pineda de Mar', 8),
(1040, 'Pla del Penedès (El)', 8),
(1041, 'Pobla de Claramunt (La)', 8),
(1042, 'Pobla de Lillet (La)', 8),
(1043, 'Polinyà', 8),
(1044, 'Pont de Vilomara i Rocafort (El)', 8),
(1045, 'Pontons', 8),
(1046, 'Prat de Llobregat (El)', 8),
(1047, 'Prats de Lluçanès', 8),
(1048, 'Prats de Rei (Els)', 8),
(1049, 'Premià de Dalt', 8),
(1050, 'Premià de Mar', 8),
(1051, 'Puigdàlber', 8),
(1052, 'Puig-reig', 8),
(1053, 'Pujalt', 8),
(1054, 'Quar (La)', 8),
(1055, 'Rajadell', 8),
(1056, 'Rellinars', 8),
(1057, 'Ripollet', 8),
(1058, 'Roca del Vallès (La)', 8),
(1059, 'Roda de Ter', 8),
(1060, 'Rubí', 8),
(1061, 'Rubió', 8),
(1062, 'Rupit i Pruit', 8),
(1063, 'Sabadell', 8),
(1064, 'Sagàs', 8),
(1065, 'Saldes', 8),
(1066, 'Sallent', 8),
(1067, 'Sant Adrià de Besòs', 8),
(1068, 'Sant Agustí de Lluçanès', 8),
(1069, 'Sant Andreu de la Barca', 8),
(1070, 'Sant Andreu de Llavaneres', 8),
(1071, 'Sant Antoni de Vilamajor', 8),
(1072, 'Sant Bartomeu del Grau', 8),
(1073, 'Sant Boi de Llobregat', 8),
(1074, 'Sant Boi de Lluçanès', 8),
(1075, 'Sant Cebrià de Vallalta', 8),
(1076, 'Sant Celoni', 8),
(1077, 'Sant Climent de Llobregat', 8),
(1078, 'Sant Cugat del Vallès', 8),
(1079, 'Sant Cugat Sesgarrigues', 8),
(1080, 'Sant Esteve de Palautordera', 8),
(1081, 'Sant Esteve Sesrovires', 8),
(1082, 'Sant Feliu de Codines', 8),
(1083, 'Sant Feliu de Llobregat', 8),
(1084, 'Sant Feliu Sasserra', 8),
(1085, 'Sant Fost de Campsentelles', 8),
(1086, 'Sant Fruitós de Bages', 8),
(1087, 'Sant Hipòlit de Voltregà', 8),
(1088, 'Sant Iscle de Vallalta', 8),
(1089, 'Sant Jaume de Frontanyà', 8),
(1090, 'Sant Joan de Vilatorrada', 8),
(1091, 'Sant Joan Despí', 8),
(1092, 'Sant Julià de Cerdanyola', 8),
(1093, 'Sant Julià de Vilatorta', 8),
(1094, 'Sant Just Desvern', 8),
(1095, 'Sant Llorenç d''Hortons', 8),
(1096, 'Sant Llorenç Savall', 8),
(1097, 'Sant Martí d''Albars', 8),
(1098, 'Sant Martí de Centelles', 8),
(1099, 'Sant Martí de Tous', 8),
(1100, 'Sant Martí Sarroca', 8),
(1101, 'Sant Martí Sesgueioles', 8),
(1102, 'Sant Mateu de Bages', 8),
(1103, 'Sant Pere de Ribes', 8),
(1104, 'Sant Pere de Riudebitlles', 8),
(1105, 'Sant Pere de Torelló', 8),
(1106, 'Sant Pere de Vilamajor', 8),
(1107, 'Sant Pere Sallavinera', 8),
(1108, 'Sant Pol de Mar', 8),
(1109, 'Sant Quintí de Mediona', 8),
(1110, 'Sant Quirze de Besora', 8),
(1111, 'Sant Quirze del Vallès', 8),
(1112, 'Sant Quirze Safaja', 8),
(1113, 'Sant Sadurní d''Anoia', 8),
(1114, 'Sant Sadurní d''Osormort', 8),
(1115, 'Sant Salvador de Guardiola', 8),
(1116, 'Sant Vicenç de Castellet', 8),
(1117, 'Sant Vicenç de Montalt', 8),
(1118, 'Sant Vicenç de Torelló', 8),
(1119, 'Sant Vicenç dels Horts', 8),
(1120, 'Santa Cecília de Voltregà', 8),
(1121, 'Santa Coloma de Cervelló', 8),
(1122, 'Santa Coloma de Gramenet', 8),
(1123, 'Santa Eugènia de Berga', 8),
(1124, 'Santa Eulàlia de Riuprimer', 8),
(1125, 'Santa Eulàlia de Ronçana', 8),
(1126, 'Santa Fe del Penedès', 8),
(1127, 'Santa Margarida de Montbui', 8),
(1128, 'Santa Margarida i els Monjos', 8),
(1129, 'Santa Maria de Besora', 8),
(1130, 'Santa Maria de Corcó', 8),
(1131, 'Santa Maria de Martorelles', 8),
(1132, 'Santa Maria de Merlès', 8),
(1133, 'Santa Maria de Miralles', 8),
(1134, 'Santa Maria de Palautordera', 8),
(1135, 'Santa Maria d''Oló', 8),
(1136, 'Santa Perpètua de Mogoda', 8),
(1137, 'Santa Susanna', 8),
(1138, 'Santpedor', 8),
(1139, 'Sentmenat', 8),
(1140, 'Seva', 8),
(1141, 'Sitges', 8),
(1142, 'Sobremunt', 8),
(1143, 'Sora', 8),
(1144, 'Subirats', 8),
(1145, 'Súria', 8),
(1146, 'Tagamanent', 8),
(1147, 'Talamanca', 8),
(1148, 'Taradell', 8),
(1149, 'Tavèrnoles', 8),
(1150, 'Tavertet', 8),
(1151, 'Teià', 8),
(1152, 'Terrassa', 8),
(1153, 'Tiana', 8),
(1154, 'Tona', 8),
(1155, 'Tordera', 8),
(1156, 'Torelló', 8),
(1157, 'Torre de Claramunt (La)', 8),
(1158, 'Torrelavit', 8),
(1159, 'Torrelles de Foix', 8),
(1160, 'Torrelles de Llobregat', 8),
(1161, 'Ullastrell', 8),
(1162, 'Vacarisses', 8),
(1163, 'Vallbona d''Anoia', 8),
(1164, 'Vallcebre', 8),
(1165, 'Vallgorguina', 8),
(1166, 'Vallirana', 8),
(1167, 'Vallromanes', 8),
(1168, 'Veciana', 8),
(1169, 'Vic', 8),
(1170, 'Vilada', 8),
(1171, 'Viladecans', 8),
(1172, 'Viladecavalls', 8),
(1173, 'Vilafranca del Penedès', 8),
(1174, 'Vilalba Sasserra', 8),
(1175, 'Vilanova de Sau', 8),
(1176, 'Vilanova del Camí', 8),
(1177, 'Vilanova del Vallès', 8),
(1178, 'Vilanova i la Geltrú', 8),
(1179, 'Vilassar de Dalt', 8),
(1180, 'Vilassar de Mar', 8),
(1181, 'Vilobí del Penedès', 8),
(1182, 'Viver i Serrateix', 8),
(1183, 'Abajas', 9),
(1184, 'Adrada de Haza', 9),
(1185, 'Aguas Cándidas', 9),
(1186, 'Aguilar de Bureba', 9),
(1187, 'Albillos', 9),
(1188, 'Alcocero de Mola', 9),
(1189, 'Alfoz de Bricia', 9),
(1190, 'Alfoz de Quintanadueñas', 9),
(1191, 'Alfoz de Santa Gadea', 9),
(1192, 'Altable', 9),
(1193, 'Altos (Los)', 9),
(1194, 'Ameyugo', 9),
(1195, 'Anguix', 9),
(1196, 'Aranda de Duero', 9),
(1197, 'Arandilla', 9),
(1198, 'Arauzo de Miel', 9),
(1199, 'Arauzo de Salce', 9),
(1200, 'Arauzo de Torre', 9),
(1201, 'Arcos', 9),
(1202, 'Arenillas de Riopisuerga', 9),
(1203, 'Arija', 9),
(1204, 'Arlanzón', 9),
(1205, 'Arraya de Oca', 9),
(1206, 'Atapuerca', 9),
(1207, 'Ausines (Los)', 9),
(1208, 'Avellanosa de Muñó', 9),
(1209, 'Bahabón de Esgueva', 9),
(1210, 'Balbases (Los)', 9),
(1211, 'Baños de Valdearados', 9),
(1212, 'Bañuelos de Bureba', 9),
(1213, 'Barbadillo de Herreros', 9),
(1214, 'Barbadillo del Mercado', 9),
(1215, 'Barbadillo del Pez', 9),
(1216, 'Barrio de Muñó', 9),
(1217, 'Barrios de Bureba (Los)', 9),
(1218, 'Barrios de Colina', 9),
(1219, 'Basconcillos del Tozo', 9),
(1220, 'Bascuñana', 9),
(1221, 'Belbimbre', 9),
(1222, 'Belorado', 9),
(1223, 'Berberana', 9),
(1224, 'Berlangas de Roa', 9),
(1225, 'Berzosa de Bureba', 9),
(1226, 'Bozoó', 9),
(1227, 'Brazacorta', 9),
(1228, 'Briviesca', 9),
(1229, 'Bugedo', 9),
(1230, 'Buniel', 9),
(1231, 'Burgos', 9),
(1232, 'Busto de Bureba', 9),
(1233, 'Cabañes de Esgueva', 9),
(1234, 'Cabezón de la Sierra', 9),
(1235, 'Caleruega', 9),
(1236, 'Campillo de Aranda', 9),
(1237, 'Campolara', 9),
(1238, 'Canicosa de la Sierra', 9),
(1239, 'Cantabrana', 9),
(1240, 'Carazo', 9),
(1241, 'Carcedo de Bureba', 9),
(1242, 'Carcedo de Burgos', 9),
(1243, 'Cardeñadijo', 9),
(1244, 'Cardeñajimeno', 9),
(1245, 'Cardeñuela Riopico', 9),
(1246, 'Carrias', 9),
(1247, 'Cascajares de Bureba', 9),
(1248, 'Cascajares de la Sierra', 9),
(1249, 'Castellanos de Castro', 9),
(1250, 'Castil de Peones', 9),
(1251, 'Castildelgado', 9),
(1252, 'Castrillo de la Reina', 9),
(1253, 'Castrillo de la Vega', 9),
(1254, 'Castrillo de Riopisuerga', 9),
(1255, 'Castrillo del Val', 9),
(1256, 'Castrillo Matajudíos', 9),
(1257, 'Castrojeriz', 9),
(1258, 'Cavia', 9),
(1259, 'Cayuela', 9),
(1260, 'Cebrecos', 9),
(1261, 'Celada del Camino', 9),
(1262, 'Cerezo de Río Tirón', 9),
(1263, 'Cerratón de Juarros', 9),
(1264, 'Ciadoncha', 9),
(1265, 'Cillaperlata', 9),
(1266, 'Cilleruelo de Abajo', 9),
(1267, 'Cilleruelo de Arriba', 9),
(1268, 'Ciruelos de Cervera', 9),
(1269, 'Cogollos', 9),
(1270, 'Condado de Treviño', 9),
(1271, 'Contreras', 9),
(1272, 'Coruña del Conde', 9),
(1273, 'Covarrubias', 9),
(1274, 'Cubillo del Campo', 9),
(1275, 'Cubo de Bureba', 9),
(1276, 'Cueva de Roa (La)', 9),
(1277, 'Cuevas de San Clemente', 9),
(1278, 'Encío', 9),
(1279, 'Espinosa de Cervera', 9),
(1280, 'Espinosa de los Monteros', 9),
(1281, 'Espinosa del Camino', 9),
(1282, 'Estépar', 9),
(1283, 'Fontioso', 9),
(1284, 'Frandovínez', 9),
(1285, 'Fresneda de la Sierra Tirón', 9),
(1286, 'Fresneña', 9),
(1287, 'Fresnillo de las Dueñas', 9),
(1288, 'Fresno de Río Tirón', 9),
(1289, 'Fresno de Rodilla', 9),
(1290, 'Frías', 9),
(1291, 'Fuentebureba', 9),
(1292, 'Fuentecén', 9),
(1293, 'Fuentelcésped', 9),
(1294, 'Fuentelisendo', 9),
(1295, 'Fuentemolinos', 9),
(1296, 'Fuentenebro', 9),
(1297, 'Fuentespina', 9),
(1298, 'Galbarros', 9),
(1299, 'Gallega (La)', 9),
(1300, 'Grijalba', 9),
(1301, 'Grisaleña', 9),
(1302, 'Gumiel de Izán', 9),
(1303, 'Gumiel de Mercado', 9),
(1304, 'Hacinas', 9),
(1305, 'Haza', 9),
(1306, 'Hontanas', 9),
(1307, 'Hontangas', 9),
(1308, 'Hontoria de la Cantera', 9),
(1309, 'Hontoria de Valdearados', 9),
(1310, 'Hontoria del Pinar', 9),
(1311, 'Hormazas (Las)', 9),
(1312, 'Hornillos del Camino', 9),
(1313, 'Horra (La)', 9),
(1314, 'Hortigüela', 9),
(1315, 'Hoyales de Roa', 9),
(1316, 'Huérmeces', 9),
(1317, 'Huerta de Arriba', 9),
(1318, 'Huerta de Rey', 9),
(1319, 'Humada', 9),
(1320, 'Hurones', 9),
(1321, 'Ibeas de Juarros', 9),
(1322, 'Ibrillos', 9),
(1323, 'Iglesiarrubia', 9),
(1324, 'Iglesias', 9),
(1325, 'Isar', 9),
(1326, 'Itero del Castillo', 9),
(1327, 'Jaramillo de la Fuente', 9),
(1328, 'Jaramillo Quemado', 9),
(1329, 'Junta de Traslaloma', 9),
(1330, 'Junta de Villalba de Losa', 9),
(1331, 'Jurisdicción de Lara', 9),
(1332, 'Jurisdicción de San Zadornil', 9),
(1333, 'Lerma', 9),
(1334, 'Llano de Bureba', 9),
(1335, 'Madrigal del Monte', 9),
(1336, 'Madrigalejo del Monte', 9),
(1337, 'Mahamud', 9),
(1338, 'Mambrilla de Castrejón', 9),
(1339, 'Mambrillas de Lara', 9),
(1340, 'Mamolar', 9),
(1341, 'Manciles', 9),
(1342, 'Mazuela', 9),
(1343, 'Mecerreyes', 9),
(1344, 'Medina de Pomar', 9),
(1345, 'Melgar de Fernamental', 9),
(1346, 'Merindad de Cuesta-Urria', 9),
(1347, 'Merindad de Montija', 9),
(1348, 'Merindad de Río Ubierna', 9),
(1349, 'Merindad de Sotoscueva', 9),
(1350, 'Merindad de Valdeporres', 9),
(1351, 'Merindad de Valdivielso', 9),
(1352, 'Milagros', 9),
(1353, 'Miranda de Ebro', 9),
(1354, 'Miraveche', 9),
(1355, 'Modúbar de la Emparedada', 9),
(1356, 'Monasterio de la Sierra', 9),
(1357, 'Monasterio de Rodilla', 9),
(1358, 'Moncalvillo', 9),
(1359, 'Monterrubio de la Demanda', 9),
(1360, 'Montorio', 9),
(1361, 'Moradillo de Roa', 9),
(1362, 'Nava de Roa', 9),
(1363, 'Navas de Bureba', 9),
(1364, 'Nebreda', 9),
(1365, 'Neila', 9),
(1366, 'Olmedillo de Roa', 9),
(1367, 'Olmillos de Muñó', 9),
(1368, 'Oña', 9),
(1369, 'Oquillas', 9),
(1370, 'Orbaneja Riopico', 9),
(1371, 'Padilla de Abajo', 9),
(1372, 'Padilla de Arriba', 9),
(1373, 'Padrones de Bureba', 9),
(1374, 'Palacios de la Sierra', 9),
(1375, 'Palacios de Riopisuerga', 9),
(1376, 'Palazuelos de la Sierra', 9),
(1377, 'Palazuelos de Muñó', 9),
(1378, 'Pampliega', 9),
(1379, 'Pancorbo', 9),
(1380, 'Pardilla', 9),
(1381, 'Partido de la Sierra en Tobalina', 9),
(1382, 'Pedrosa de Duero', 9),
(1383, 'Pedrosa de Río Úrbel', 9),
(1384, 'Pedrosa del Páramo', 9),
(1385, 'Pedrosa del Príncipe', 9),
(1386, 'Peñaranda de Duero', 9),
(1387, 'Peral de Arlanza', 9),
(1388, 'Piérnigas', 9),
(1389, 'Pineda de la Sierra', 9),
(1390, 'Pineda Trasmonte', 9),
(1391, 'Pinilla de los Barruecos', 9),
(1392, 'Pinilla de los Moros', 9),
(1393, 'Pinilla Trasmonte', 9),
(1394, 'Poza de la Sal', 9),
(1395, 'Prádanos de Bureba', 9),
(1396, 'Pradoluengo', 9),
(1397, 'Presencio', 9),
(1398, 'Puebla de Arganzón (La)', 9),
(1399, 'Puentedura', 9),
(1400, 'Quemada', 9),
(1401, 'Quintana del Pidio', 9),
(1402, 'Quintanabureba', 9),
(1403, 'Quintanaélez', 9),
(1404, 'Quintanaortuño', 9),
(1405, 'Quintanapalla', 9),
(1406, 'Quintanar de la Sierra', 9),
(1407, 'Quintanavides', 9),
(1408, 'Quintanilla de la Mata', 9),
(1409, 'Quintanilla del Agua y Tordueles', 9),
(1410, 'Quintanilla del Coco', 9),
(1411, 'Quintanilla San García', 9),
(1412, 'Quintanilla Vivar', 9),
(1413, 'Quintanillas (Las)', 9),
(1414, 'Rabanera del Pinar', 9),
(1415, 'Rábanos', 9),
(1416, 'Rabé de las Calzadas', 9),
(1417, 'Rebolledo de la Torre', 9),
(1418, 'Redecilla del Camino', 9),
(1419, 'Redecilla del Campo', 9),
(1420, 'Regumiel de la Sierra', 9),
(1421, 'Reinoso', 9),
(1422, 'Retuerta', 9),
(1423, 'Revilla del Campo', 9),
(1424, 'Revilla Vallejera', 9),
(1425, 'Revilla y Ahedo (La)', 9),
(1426, 'Revillarruz', 9),
(1427, 'Rezmondo', 9),
(1428, 'Riocavado de la Sierra', 9),
(1429, 'Roa', 9),
(1430, 'Rojas', 9),
(1431, 'Royuela de Río Franco', 9),
(1432, 'Rubena', 9),
(1433, 'Rublacedo de Abajo', 9),
(1434, 'Rucandio', 9),
(1435, 'Salas de Bureba', 9),
(1436, 'Salas de los Infantes', 9),
(1437, 'Saldaña de Burgos', 9),
(1438, 'Salinillas de Bureba', 9),
(1439, 'San Adrián de Juarros', 9),
(1440, 'San Juan del Monte', 9),
(1441, 'San Mamés de Burgos', 9),
(1442, 'San Martín de Rubiales', 9),
(1443, 'San Millán de Lara', 9),
(1444, 'San Vicente del Valle', 9),
(1445, 'Santa Cecilia', 9),
(1446, 'Santa Cruz de la Salceda', 9),
(1447, 'Santa Cruz del Valle Urbión', 9),
(1448, 'Santa Gadea del Cid', 9),
(1449, 'Santa Inés', 9),
(1450, 'Santa María del Campo', 9),
(1451, 'Santa María del Invierno', 9),
(1452, 'Santa María del Mercadillo', 9),
(1453, 'Santa María Rivarredonda', 9),
(1454, 'Santa Olalla de Bureba', 9),
(1455, 'Santibáñez de Esgueva', 9),
(1456, 'Santibáñez del Val', 9),
(1457, 'Santo Domingo de Silos', 9),
(1458, 'Sargentes de la Lora', 9),
(1459, 'Sarracín', 9),
(1460, 'Sasamón', 9),
(1461, 'Sequera de Haza (La)', 9),
(1462, 'Solarana', 9),
(1463, 'Sordillos', 9),
(1464, 'Sotillo de la Ribera', 9),
(1465, 'Sotragero', 9),
(1466, 'Sotresgudo', 9),
(1467, 'Susinos del Páramo', 9),
(1468, 'Tamarón', 9),
(1469, 'Tardajos', 9),
(1470, 'Tejada', 9),
(1471, 'Terradillos de Esgueva', 9),
(1472, 'Tinieblas de la Sierra', 9),
(1473, 'Tobar', 9),
(1474, 'Tordómar', 9),
(1475, 'Torrecilla del Monte', 9),
(1476, 'Torregalindo', 9),
(1477, 'Torrelara', 9),
(1478, 'Torrepadre', 9),
(1479, 'Torresandino', 9),
(1480, 'Tórtoles de Esgueva', 9),
(1481, 'Tosantos', 9),
(1482, 'Trespaderne', 9),
(1483, 'Tubilla del Agua', 9),
(1484, 'Tubilla del Lago', 9),
(1485, 'Úrbel del Castillo', 9),
(1486, 'Vadocondes', 9),
(1487, 'Valdeande', 9),
(1488, 'Valdezate', 9),
(1489, 'Valdorros', 9),
(1490, 'Vallarta de Bureba', 9),
(1491, 'Valle de las Navas', 9),
(1492, 'Valle de Losa', 9),
(1493, 'Valle de Manzanedo', 9),
(1494, 'Valle de Mena', 9),
(1495, 'Valle de Oca', 9),
(1496, 'Valle de Santibáñez', 9),
(1497, 'Valle de Sedano', 9),
(1498, 'Valle de Tobalina', 9),
(1499, 'Valle de Valdebezana', 9),
(1500, 'Valle de Valdelaguna', 9),
(1501, 'Valle de Valdelucio', 9),
(1502, 'Valle de Zamanzas', 9),
(1503, 'Vallejera', 9),
(1504, 'Valles de Palenzuela', 9),
(1505, 'Valluércanes', 9),
(1506, 'Valmala', 9),
(1507, 'Vid de Bureba (La)', 9),
(1508, 'Vid y Barrios (La)', 9),
(1509, 'Vileña', 9),
(1510, 'Villadiego', 9),
(1511, 'Villaescusa de Roa', 9),
(1512, 'Villaescusa la Sombría', 9),
(1513, 'Villaespasa', 9),
(1514, 'Villafranca Montes de Oca', 9),
(1515, 'Villafruela', 9),
(1516, 'Villagalijo', 9),
(1517, 'Villagonzalo Pedernales', 9),
(1518, 'Villahoz', 9),
(1519, 'Villalba de Duero', 9),
(1520, 'Villalbilla de Burgos', 9),
(1521, 'Villalbilla de Gumiel', 9),
(1522, 'Villaldemiro', 9),
(1523, 'Villalmanzo', 9),
(1524, 'Villamayor de los Montes', 9),
(1525, 'Villamayor de Treviño', 9),
(1526, 'Villambistia', 9),
(1527, 'Villamedianilla', 9),
(1528, 'Villamiel de la Sierra', 9),
(1529, 'Villangómez', 9),
(1530, 'Villanueva de Argaño', 9),
(1531, 'Villanueva de Carazo', 9),
(1532, 'Villanueva de Gumiel', 9),
(1533, 'Villanueva de Teba', 9),
(1534, 'Villaquirán de la Puebla', 9),
(1535, 'Villaquirán de los Infantes', 9),
(1536, 'Villarcayo de Merindad de Castilla la Vieja', 9),
(1537, 'Villariezo', 9),
(1538, 'Villasandino', 9),
(1539, 'Villasur de Herreros', 9),
(1540, 'Villatuelda', 9),
(1541, 'Villaverde del Monte', 9),
(1542, 'Villaverde-Mogina', 9),
(1543, 'Villayerno Morquillas', 9),
(1544, 'Villazopeque', 9),
(1545, 'Villegas', 9),
(1546, 'Villoruebo', 9),
(1547, 'Viloria de Rioja', 9),
(1548, 'Vilviestre del Pinar', 9),
(1549, 'Vizcaínos', 9),
(1550, 'Zael', 9),
(1551, 'Zarzosa de Río Pisuerga', 9),
(1552, 'Zazuar', 9),
(1553, 'Zuñeda', 9),
(1554, 'Abadía', 10),
(1555, 'Abertura', 10),
(1556, 'Acebo', 10),
(1557, 'Acehúche', 10),
(1558, 'Aceituna', 10),
(1559, 'Ahigal', 10),
(1560, 'Albalá', 10),
(1561, 'Alcántara', 10),
(1562, 'Alcollarín', 10),
(1563, 'Alcuéscar', 10),
(1564, 'Aldea del Cano', 10),
(1565, 'Aldea del Obispo (La)', 10),
(1566, 'Aldeacentenera', 10),
(1567, 'Aldeanueva de la Vera', 10),
(1568, 'Aldeanueva del Camino', 10),
(1569, 'Aldehuela de Jerte', 10),
(1570, 'Alía', 10),
(1571, 'Aliseda', 10),
(1572, 'Almaraz', 10),
(1573, 'Almoharín', 10),
(1574, 'Arroyo de la Luz', 10),
(1575, 'Arroyomolinos', 10),
(1576, 'Arroyomolinos de la Vera', 10),
(1577, 'Baños de Montemayor', 10),
(1578, 'Barrado', 10),
(1579, 'Belvís de Monroy', 10),
(1580, 'Benquerencia', 10),
(1581, 'Berrocalejo', 10),
(1582, 'Berzocana', 10),
(1583, 'Bohonal de Ibor', 10),
(1584, 'Botija', 10),
(1585, 'Brozas', 10),
(1586, 'Cabañas del Castillo', 10),
(1587, 'Cabezabellosa', 10),
(1588, 'Cabezuela del Valle', 10),
(1589, 'Cabrero', 10),
(1590, 'Cáceres', 10),
(1591, 'Cachorrilla', 10),
(1592, 'Cadalso', 10),
(1593, 'Calzadilla', 10),
(1594, 'Caminomorisco', 10),
(1595, 'Campillo de Deleitosa', 10),
(1596, 'Campo Lugar', 10),
(1597, 'Cañamero', 10),
(1598, 'Cañaveral', 10),
(1599, 'Carbajo', 10),
(1600, 'Carcaboso', 10),
(1601, 'Carrascalejo', 10),
(1602, 'Casar de Cáceres', 10),
(1603, 'Casar de Palomero', 10),
(1604, 'Casares de las Hurdes', 10),
(1605, 'Casas de Don Antonio', 10),
(1606, 'Casas de Don Gómez', 10),
(1607, 'Casas de Millán', 10),
(1608, 'Casas de Miravete', 10),
(1609, 'Casas del Castañar', 10),
(1610, 'Casas del Monte', 10),
(1611, 'Casatejada', 10),
(1612, 'Casillas de Coria', 10),
(1613, 'Castañar de Ibor', 10),
(1614, 'Ceclavín', 10),
(1615, 'Cedillo', 10),
(1616, 'Cerezo', 10),
(1617, 'Cilleros', 10),
(1618, 'Collado', 10),
(1619, 'Conquista de la Sierra', 10),
(1620, 'Coria', 10),
(1621, 'Cuacos de Yuste', 10),
(1622, 'Cumbre (La)', 10),
(1623, 'Deleitosa', 10),
(1624, 'Descargamaría', 10),
(1625, 'Eljas', 10),
(1626, 'Escurial', 10),
(1627, 'Fresnedoso de Ibor', 10),
(1628, 'Galisteo', 10),
(1629, 'Garciaz', 10),
(1630, 'Garganta (La)', 10),
(1631, 'Garganta la Olla', 10),
(1632, 'Gargantilla', 10),
(1633, 'Gargüera', 10),
(1634, 'Garrovillas de Alconétar', 10),
(1635, 'Garvín', 10),
(1636, 'Gata', 10),
(1637, 'Gordo (El)', 10),
(1638, 'Granja (La)', 10),
(1639, 'Guadalupe', 10),
(1640, 'Guijo de Coria', 10),
(1641, 'Guijo de Galisteo', 10),
(1642, 'Guijo de Granadilla', 10),
(1643, 'Guijo de Santa Bárbara', 10),
(1644, 'Herguijuela', 10),
(1645, 'Hernán-Pérez', 10),
(1646, 'Herrera de Alcántara', 10),
(1647, 'Herreruela', 10),
(1648, 'Hervás', 10),
(1649, 'Higuera', 10),
(1650, 'Hinojal', 10),
(1651, 'Holguera', 10),
(1652, 'Hoyos', 10),
(1653, 'Huélaga', 10),
(1654, 'Ibahernando', 10),
(1655, 'Jaraicejo', 10),
(1656, 'Jaraíz de la Vera', 10),
(1657, 'Jarandilla de la Vera', 10),
(1658, 'Jarilla', 10),
(1659, 'Jerte', 10),
(1660, 'Ladrillar', 10),
(1661, 'Logrosán', 10),
(1662, 'Losar de la Vera', 10),
(1663, 'Madrigal de la Vera', 10),
(1664, 'Madrigalejo', 10),
(1665, 'Madroñera', 10),
(1666, 'Majadas', 10),
(1667, 'Malpartida de Cáceres', 10),
(1668, 'Malpartida de Plasencia', 10),
(1669, 'Marchagaz', 10),
(1670, 'Mata de Alcántara', 10),
(1671, 'Membrío', 10),
(1672, 'Mesas de Ibor', 10),
(1673, 'Miajadas', 10),
(1674, 'Millanes', 10),
(1675, 'Mirabel', 10),
(1676, 'Mohedas de Granadilla', 10),
(1677, 'Monroy', 10),
(1678, 'Montánchez', 10),
(1679, 'Montehermoso', 10),
(1680, 'Moraleja', 10),
(1681, 'Morcillo', 10),
(1682, 'Navaconcejo', 10),
(1683, 'Navalmoral de la Mata', 10),
(1684, 'Navalvillar de Ibor', 10),
(1685, 'Navas del Madroño', 10),
(1686, 'Navezuelas', 10),
(1687, 'Nuñomoral', 10),
(1688, 'Oliva de Plasencia', 10),
(1689, 'Palomero', 10),
(1690, 'Pasarón de la Vera', 10),
(1691, 'Pedroso de Acim', 10),
(1692, 'Peraleda de la Mata', 10),
(1693, 'Peraleda de San Román', 10),
(1694, 'Perales del Puerto', 10),
(1695, 'Pescueza', 10),
(1696, 'Pesga (La)', 10),
(1697, 'Piedras Albas', 10),
(1698, 'Pinofranqueado', 10),
(1699, 'Piornal', 10),
(1700, 'Plasencia', 10),
(1701, 'Plasenzuela', 10),
(1702, 'Portaje', 10),
(1703, 'Portezuelo', 10),
(1704, 'Pozuelo de Zarzón', 10),
(1705, 'Puerto de Santa Cruz', 10),
(1706, 'Rebollar', 10),
(1707, 'Riolobos', 10),
(1708, 'Robledillo de Gata', 10),
(1709, 'Robledillo de la Vera', 10),
(1710, 'Robledillo de Trujillo', 10),
(1711, 'Robledollano', 10),
(1712, 'Romangordo', 10),
(1713, 'Rosalejo', 10),
(1714, 'Ruanes', 10),
(1715, 'Salorino', 10),
(1716, 'Salvatierra de Santiago', 10),
(1717, 'San Martín de Trevejo', 10),
(1718, 'Santa Ana', 10),
(1719, 'Santa Cruz de la Sierra', 10),
(1720, 'Santa Cruz de Paniagua', 10),
(1721, 'Santa Marta de Magasca', 10),
(1722, 'Santiago de Alcántara', 10),
(1723, 'Santiago del Campo', 10),
(1724, 'Santibáñez el Alto', 10),
(1725, 'Santibáñez el Bajo', 10),
(1726, 'Saucedilla', 10),
(1727, 'Segura de Toro', 10),
(1728, 'Serradilla', 10),
(1729, 'Serrejón', 10),
(1730, 'Sierra de Fuentes', 10),
(1731, 'Talaván', 10),
(1732, 'Talaveruela de la Vera', 10),
(1733, 'Talayuela', 10),
(1734, 'Tejeda de Tiétar', 10),
(1735, 'Toril', 10),
(1736, 'Tornavacas', 10),
(1737, 'Torno (El)', 10),
(1738, 'Torre de Don Miguel', 10),
(1739, 'Torre de Santa María', 10),
(1740, 'Torrecilla de los Ángeles', 10),
(1741, 'Torrecillas de la Tiesa', 10),
(1742, 'Torrejón el Rubio', 10),
(1743, 'Torrejoncillo', 10),
(1744, 'Torremenga', 10),
(1745, 'Torremocha', 10),
(1746, 'Torreorgaz', 10),
(1747, 'Torrequemada', 10),
(1748, 'Trujillo', 10),
(1749, 'Valdastillas', 10),
(1750, 'Valdecañas de Tajo', 10),
(1751, 'Valdefuentes', 10),
(1752, 'Valdehúncar', 10),
(1753, 'Valdelacasa de Tajo', 10),
(1754, 'Valdemorales', 10),
(1755, 'Valdeobispo', 10),
(1756, 'Valencia de Alcántara', 10),
(1757, 'Valverde de la Vera', 10),
(1758, 'Valverde del Fresno', 10),
(1759, 'Viandar de la Vera', 10),
(1760, 'Villa del Campo', 10),
(1761, 'Villa del Rey', 10),
(1762, 'Villamesías', 10),
(1763, 'Villamiel', 10),
(1764, 'Villanueva de la Sierra', 10),
(1765, 'Villanueva de la Vera', 10),
(1766, 'Villar de Plasencia', 10),
(1767, 'Villar del Pedroso', 10),
(1768, 'Villasbuenas de Gata', 10),
(1769, 'Zarza de Granadilla', 10),
(1770, 'Zarza de Montánchez', 10),
(1771, 'Zarza la Mayor', 10),
(1772, 'Zorita', 10),
(1773, 'Alcalá de los Gazules', 11),
(1774, 'Alcalá del Valle', 11),
(1775, 'Algar', 11),
(1776, 'Algeciras', 11),
(1777, 'Algodonales', 11),
(1778, 'Arcos de la Frontera', 11),
(1779, 'Barbate', 11),
(1780, 'Barrios (Los)', 11),
(1781, 'Benalup-Casas Viejas', 11),
(1782, 'Benaocaz', 11),
(1783, 'Bornos', 11),
(1784, 'Bosque (El)', 11),
(1785, 'Cádiz', 11),
(1786, 'Castellar de la Frontera', 11),
(1787, 'Chiclana de la Frontera', 11),
(1788, 'Chipiona', 11),
(1789, 'Conil de la Frontera', 11),
(1790, 'Espera', 11),
(1791, 'Gastor (El)', 11),
(1792, 'Grazalema', 11),
(1793, 'Jerez de la Frontera', 11),
(1794, 'Jimena de la Frontera', 11),
(1795, 'Línea de la Concepción (La)', 11),
(1796, 'Medina-Sidonia', 11),
(1797, 'Olvera', 11),
(1798, 'Paterna de Rivera', 11),
(1799, 'Prado del Rey', 11),
(1800, 'Puerto de Santa María (El)', 11),
(1801, 'Puerto Real', 11),
(1802, 'Puerto Serrano', 11),
(1803, 'Rota', 11),
(1804, 'San Fernando', 11),
(1805, 'San José del Valle', 11),
(1806, 'San Roque', 11),
(1807, 'Sanlúcar de Barrameda', 11),
(1808, 'Setenil de las Bodegas', 11),
(1809, 'Tarifa', 11),
(1810, 'Torre Alháquime', 11),
(1811, 'Trebujena', 11),
(1812, 'Ubrique', 11),
(1813, 'Vejer de la Frontera', 11),
(1814, 'Villaluenga del Rosario', 11),
(1815, 'Villamartín', 11),
(1816, 'Zahara', 11),
(1817, 'Aín', 12),
(1818, 'Albocàsser', 12),
(1819, 'Alcalà de Xivert', 12),
(1820, 'Alcora (l'')', 12),
(1821, 'Alcudia de Veo', 12),
(1822, 'Alfondeguilla', 12),
(1823, 'Algimia de Almonacid', 12),
(1824, 'Almazora/Almassora', 12),
(1825, 'Almedíjar', 12),
(1826, 'Almenara', 12),
(1827, 'Alquerías del Niño Perdido', 12),
(1828, 'Altura', 12),
(1829, 'Arañuel', 12),
(1830, 'Ares del Maestre', 12),
(1831, 'Argelita', 12),
(1832, 'Artana', 12),
(1833, 'Atzeneta del Maestrat', 12),
(1834, 'Ayódar', 12),
(1835, 'Azuébar', 12),
(1836, 'Barracas', 12),
(1837, 'Bejís', 12),
(1838, 'Benafer', 12),
(1839, 'Benafigos', 12),
(1840, 'Benasal', 12),
(1841, 'Benicarló', 12),
(1842, 'Benicasim/Benicàssim', 12),
(1843, 'Benlloch', 12),
(1844, 'Betxí', 12),
(1845, 'Borriol', 12),
(1846, 'Burriana', 12),
(1847, 'Cabanes', 12),
(1848, 'Càlig', 12),
(1849, 'Canet lo Roig', 12),
(1850, 'Castell de Cabres', 12),
(1851, 'Castellfort', 12),
(1852, 'Castellnovo', 12),
(1853, 'Castellón de la Plana/Castelló de la Plana', 12),
(1854, 'Castillo de Villamalefa', 12),
(1855, 'Catí', 12),
(1856, 'Caudiel', 12),
(1857, 'Cervera del Maestre', 12),
(1858, 'Chert/Xert', 12),
(1859, 'Chilches/Xilxes', 12),
(1860, 'Chodos/Xodos', 12),
(1861, 'Chóvar', 12),
(1862, 'Cinctorres', 12),
(1863, 'Cirat', 12),
(1864, 'Cortes de Arenoso', 12),
(1865, 'Costur', 12),
(1866, 'Coves de Vinromà (les)', 12),
(1867, 'Culla', 12),
(1868, 'Eslida', 12),
(1869, 'Espadilla', 12),
(1870, 'Fanzara', 12),
(1871, 'Figueroles', 12),
(1872, 'Forcall', 12),
(1873, 'Fuente la Reina', 12),
(1874, 'Fuentes de Ayódar', 12),
(1875, 'Gaibiel', 12),
(1876, 'Geldo', 12),
(1877, 'Herbés', 12),
(1878, 'Higueras', 12),
(1879, 'Jana (la)', 12),
(1880, 'Jérica', 12),
(1881, 'Llosa (la)', 12),
(1882, 'Lucena del Cid', 12),
(1883, 'Ludiente', 12),
(1884, 'Mata de Morella (la)', 12),
(1885, 'Matet', 12),
(1886, 'Moncofa', 12),
(1887, 'Montán', 12),
(1888, 'Montanejos', 12),
(1889, 'Morella', 12),
(1890, 'Navajas', 12),
(1891, 'Nules', 12),
(1892, 'Olocau del Rey', 12),
(1893, 'Onda', 12),
(1894, 'Oropesa del Mar/Orpesa', 12),
(1895, 'Palanques', 12),
(1896, 'Pavías', 12),
(1897, 'Peñíscola', 12),
(1898, 'Pina de Montalgrao', 12),
(1899, 'Pobla de Benifassà (la)', 12),
(1900, 'Pobla Tornesa (la)', 12),
(1901, 'Portell de Morella', 12),
(1902, 'Puebla de Arenoso', 12),
(1903, 'Ribesalbes', 12),
(1904, 'Rossell', 12),
(1905, 'Sacañet', 12),
(1906, 'Salzadella (la)', 12),
(1907, 'San Rafael del Río', 12),
(1908, 'Sant Joan de Moró', 12),
(1909, 'Sant Jordi/San Jorge', 12),
(1910, 'Sant Mateu', 12),
(1911, 'Santa Magdalena de Pulpis', 12),
(1912, 'Sarratella', 12),
(1913, 'Segorbe', 12),
(1914, 'Sierra Engarcerán', 12),
(1915, 'Soneja', 12),
(1916, 'Sot de Ferrer', 12),
(1917, 'Sueras/Suera', 12),
(1918, 'Tales', 12),
(1919, 'Teresa', 12),
(1920, 'Tírig', 12),
(1921, 'Todolella', 12);
INSERT INTO `municipio` (`id`, `nombre`, `provincia_id`) VALUES
(1922, 'Toga', 12),
(1923, 'Torás', 12),
(1924, 'Toro (El)', 12),
(1925, 'Torralba del Pinar', 12),
(1926, 'Torre d''En Besora (la)', 12),
(1927, 'Torre Endoménech', 12),
(1928, 'Torreblanca', 12),
(1929, 'Torrechiva', 12),
(1930, 'Traiguera', 12),
(1931, 'Useras/Useres (les)', 12),
(1932, 'Vall d''Alba', 12),
(1933, 'Vall de Almonacid', 12),
(1934, 'Vall d''Uixó (la)', 12),
(1935, 'Vallat', 12),
(1936, 'Vallibona', 12),
(1937, 'Vilafamés', 12),
(1938, 'Vilanova d''Alcolea', 12),
(1939, 'Vilar de Canes', 12),
(1940, 'Vila-real', 12),
(1941, 'Vilavella (la)', 12),
(1942, 'Villafranca del Cid/Vilafranca', 12),
(1943, 'Villahermosa del Río', 12),
(1944, 'Villamalur', 12),
(1945, 'Villanueva de Viver', 12),
(1946, 'Villores', 12),
(1947, 'Vinaròs', 12),
(1948, 'Vistabella del Maestrazgo', 12),
(1949, 'Viver', 12),
(1950, 'Zorita del Maestrazgo', 12),
(1951, 'Zucaina', 12),
(1952, 'Abenójar', 13),
(1953, 'Agudo', 13),
(1954, 'Alamillo', 13),
(1955, 'Albaladejo', 13),
(1956, 'Alcázar de San Juan', 13),
(1957, 'Alcoba', 13),
(1958, 'Alcolea de Calatrava', 13),
(1959, 'Alcubillas', 13),
(1960, 'Aldea del Rey', 13),
(1961, 'Alhambra', 13),
(1962, 'Almadén', 13),
(1963, 'Almadenejos', 13),
(1964, 'Almagro', 13),
(1965, 'Almedina', 13),
(1966, 'Almodóvar del Campo', 13),
(1967, 'Almuradiel', 13),
(1968, 'Anchuras', 13),
(1969, 'Arenales de San Gregorio', 13),
(1970, 'Arenas de San Juan', 13),
(1971, 'Argamasilla de Alba', 13),
(1972, 'Argamasilla de Calatrava', 13),
(1973, 'Arroba de los Montes', 13),
(1974, 'Ballesteros de Calatrava', 13),
(1975, 'Bolaños de Calatrava', 13),
(1976, 'Brazatortas', 13),
(1977, 'Cabezarados', 13),
(1978, 'Cabezarrubias del Puerto', 13),
(1979, 'Calzada de Calatrava', 13),
(1980, 'Campo de Criptana', 13),
(1981, 'Cañada de Calatrava', 13),
(1982, 'Caracuel de Calatrava', 13),
(1983, 'Carrión de Calatrava', 13),
(1984, 'Carrizosa', 13),
(1985, 'Castellar de Santiago', 13),
(1986, 'Chillón', 13),
(1987, 'Ciudad Real', 13),
(1988, 'Corral de Calatrava', 13),
(1989, 'Cortijos (Los)', 13),
(1990, 'Cózar', 13),
(1991, 'Daimiel', 13),
(1992, 'Fernán Caballero', 13),
(1993, 'Fontanarejo', 13),
(1994, 'Fuencaliente', 13),
(1995, 'Fuenllana', 13),
(1996, 'Fuente el Fresno', 13),
(1997, 'Granátula de Calatrava', 13),
(1998, 'Guadalmez', 13),
(1999, 'Herencia', 13),
(2000, 'Hinojosas de Calatrava', 13),
(2001, 'Horcajo de los Montes', 13),
(2002, 'Labores (Las)', 13),
(2003, 'Llanos del Caudillo', 13),
(2004, 'Luciana', 13),
(2005, 'Malagón', 13),
(2006, 'Manzanares', 13),
(2007, 'Membrilla', 13),
(2008, 'Mestanza', 13),
(2009, 'Miguelturra', 13),
(2010, 'Montiel', 13),
(2011, 'Moral de Calatrava', 13),
(2012, 'Navalpino', 13),
(2013, 'Navas de Estena', 13),
(2014, 'Pedro Muñoz', 13),
(2015, 'Picón', 13),
(2016, 'Piedrabuena', 13),
(2017, 'Poblete', 13),
(2018, 'Porzuna', 13),
(2019, 'Pozuelo de Calatrava', 13),
(2020, 'Pozuelos de Calatrava (Los)', 13),
(2021, 'Puebla de Don Rodrigo', 13),
(2022, 'Puebla del Príncipe', 13),
(2023, 'Puerto Lápice', 13),
(2024, 'Puertollano', 13),
(2025, 'Retuerta del Bullaque', 13),
(2026, 'Robledo (El)', 13),
(2027, 'Ruidera', 13),
(2028, 'Saceruela', 13),
(2029, 'San Carlos del Valle', 13),
(2030, 'San Lorenzo de Calatrava', 13),
(2031, 'Santa Cruz de los Cáñamos', 13),
(2032, 'Santa Cruz de Mudela', 13),
(2033, 'Socuéllamos', 13),
(2034, 'Solana (La)', 13),
(2035, 'Solana del Pino', 13),
(2036, 'Terrinches', 13),
(2037, 'Tomelloso', 13),
(2038, 'Torralba de Calatrava', 13),
(2039, 'Torre de Juan Abad', 13),
(2040, 'Torrenueva', 13),
(2041, 'Valdemanco del Esteras', 13),
(2042, 'Valdepeñas', 13),
(2043, 'Valenzuela de Calatrava', 13),
(2044, 'Villahermosa', 13),
(2045, 'Villamanrique', 13),
(2046, 'Villamayor de Calatrava', 13),
(2047, 'Villanueva de la Fuente', 13),
(2048, 'Villanueva de los Infantes', 13),
(2049, 'Villanueva de San Carlos', 13),
(2050, 'Villar del Pozo', 13),
(2051, 'Villarrubia de los Ojos', 13),
(2052, 'Villarta de San Juan', 13),
(2053, 'Viso del Marqués', 13),
(2054, 'Adamuz', 14),
(2055, 'Aguilar de la Frontera', 14),
(2056, 'Alcaracejos', 14),
(2057, 'Almedinilla', 14),
(2058, 'Almodóvar del Río', 14),
(2059, 'Añora', 14),
(2060, 'Baena', 14),
(2061, 'Belalcázar', 14),
(2062, 'Belmez', 14),
(2063, 'Benamejí', 14),
(2064, 'Blázquez (Los)', 14),
(2065, 'Bujalance', 14),
(2066, 'Cabra', 14),
(2067, 'Cañete de las Torres', 14),
(2068, 'Carcabuey', 14),
(2069, 'Cardeña', 14),
(2070, 'Carlota (La)', 14),
(2071, 'Carpio (El)', 14),
(2072, 'Castro del Río', 14),
(2073, 'Conquista', 14),
(2074, 'Córdoba', 14),
(2075, 'Doña Mencía', 14),
(2076, 'Dos Torres', 14),
(2077, 'Encinas Reales', 14),
(2078, 'Espejo', 14),
(2079, 'Espiel', 14),
(2080, 'Fernán-Núñez', 14),
(2081, 'Fuente la Lancha', 14),
(2082, 'Fuente Obejuna', 14),
(2083, 'Fuente Palmera', 14),
(2084, 'Fuente-Tójar', 14),
(2085, 'Granjuela (La)', 14),
(2086, 'Guadalcázar', 14),
(2087, 'Guijo (El)', 14),
(2088, 'Hinojosa del Duque', 14),
(2089, 'Hornachuelos', 14),
(2090, 'Iznájar', 14),
(2091, 'Lucena', 14),
(2092, 'Luque', 14),
(2093, 'Montalbán de Córdoba', 14),
(2094, 'Montemayor', 14),
(2095, 'Montilla', 14),
(2096, 'Montoro', 14),
(2097, 'Monturque', 14),
(2098, 'Moriles', 14),
(2099, 'Nueva Carteya', 14),
(2100, 'Obejo', 14),
(2101, 'Palenciana', 14),
(2102, 'Palma del Río', 14),
(2103, 'Pedro Abad', 14),
(2104, 'Pedroche', 14),
(2105, 'Peñarroya-Pueblonuevo', 14),
(2106, 'Posadas', 14),
(2107, 'Pozoblanco', 14),
(2108, 'Priego de Córdoba', 14),
(2109, 'Puente Genil', 14),
(2110, 'Rambla (La)', 14),
(2111, 'Rute', 14),
(2112, 'San Sebastián de los Ballesteros', 14),
(2113, 'Santa Eufemia', 14),
(2114, 'Santaella', 14),
(2115, 'Torrecampo', 14),
(2116, 'Valenzuela', 14),
(2117, 'Valsequillo', 14),
(2118, 'Victoria (La)', 14),
(2119, 'Villa del Río', 14),
(2120, 'Villafranca de Córdoba', 14),
(2121, 'Villaharta', 14),
(2122, 'Villanueva de Córdoba', 14),
(2123, 'Villanueva del Duque', 14),
(2124, 'Villanueva del Rey', 14),
(2125, 'Villaralto', 14),
(2126, 'Villaviciosa de Córdoba', 14),
(2127, 'Viso (El)', 14),
(2128, 'Zuheros', 14),
(2129, 'Abegondo', 15),
(2130, 'Ames', 15),
(2131, 'Aranga', 15),
(2132, 'Ares', 15),
(2133, 'Arteixo', 15),
(2134, 'Arzúa', 15),
(2135, 'Baña (A)', 15),
(2136, 'Bergondo', 15),
(2137, 'Betanzos', 15),
(2138, 'Boimorto', 15),
(2139, 'Boiro', 15),
(2140, 'Boqueixón', 15),
(2141, 'Brión', 15),
(2142, 'Cabana de Bergantiños', 15),
(2143, 'Cabanas', 15),
(2144, 'Camariñas', 15),
(2145, 'Cambre', 15),
(2146, 'Capela (A)', 15),
(2147, 'Carballo', 15),
(2148, 'Cariño', 15),
(2149, 'Carnota', 15),
(2150, 'Carral', 15),
(2151, 'Cedeira', 15),
(2152, 'Cee', 15),
(2153, 'Cerceda', 15),
(2154, 'Cerdido', 15),
(2155, 'Cesuras', 15),
(2156, 'Coirós', 15),
(2157, 'Corcubión', 15),
(2158, 'Coristanco', 15),
(2159, 'Coruña (A)', 15),
(2160, 'Culleredo', 15),
(2161, 'Curtis', 15),
(2162, 'Dodro', 15),
(2163, 'Dumbría', 15),
(2164, 'Fene', 15),
(2165, 'Ferrol', 15),
(2166, 'Fisterra', 15),
(2167, 'Frades', 15),
(2168, 'Irixoa', 15),
(2169, 'Laracha (A)', 15),
(2170, 'Laxe', 15),
(2171, 'Lousame', 15),
(2172, 'Malpica de Bergantiños', 15),
(2173, 'Mañón', 15),
(2174, 'Mazaricos', 15),
(2175, 'Melide', 15),
(2176, 'Mesía', 15),
(2177, 'Miño', 15),
(2178, 'Moeche', 15),
(2179, 'Monfero', 15),
(2180, 'Mugardos', 15),
(2181, 'Muros', 15),
(2182, 'Muxía', 15),
(2183, 'Narón', 15),
(2184, 'Neda', 15),
(2185, 'Negreira', 15),
(2186, 'Noia', 15),
(2187, 'Oleiros', 15),
(2188, 'Ordes', 15),
(2189, 'Oroso', 15),
(2190, 'Ortigueira', 15),
(2191, 'Outes', 15),
(2192, 'Oza dos Ríos', 15),
(2193, 'Paderne', 15),
(2194, 'Padrón', 15),
(2195, 'Pino (O)', 15),
(2196, 'Pobra do Caramiñal (A)', 15),
(2197, 'Ponteceso', 15),
(2198, 'Pontedeume', 15),
(2199, 'Pontes de García Rodríguez (As)', 15),
(2200, 'Porto do Son', 15),
(2201, 'Rianxo', 15),
(2202, 'Ribeira', 15),
(2203, 'Rois', 15),
(2204, 'Sada', 15),
(2205, 'San Sadurniño', 15),
(2206, 'Santa Comba', 15),
(2207, 'Santiago de Compostela', 15),
(2208, 'Santiso', 15),
(2209, 'Sobrado', 15),
(2210, 'Somozas (As)', 15),
(2211, 'Teo', 15),
(2212, 'Toques', 15),
(2213, 'Tordoia', 15),
(2214, 'Touro', 15),
(2215, 'Trazo', 15),
(2216, 'Val do Dubra', 15),
(2217, 'Valdoviño', 15),
(2218, 'Vedra', 15),
(2219, 'Vilarmaior', 15),
(2220, 'Vilasantar', 15),
(2221, 'Vimianzo', 15),
(2222, 'Zas', 15),
(2223, 'Abia de la Obispalía', 16),
(2224, 'Acebrón (El)', 16),
(2225, 'Alarcón', 16),
(2226, 'Albaladejo del Cuende', 16),
(2227, 'Albalate de las Nogueras', 16),
(2228, 'Albendea', 16),
(2229, 'Alberca de Záncara (La)', 16),
(2230, 'Alcalá de la Vega', 16),
(2231, 'Alcantud', 16),
(2232, 'Alcázar del Rey', 16),
(2233, 'Alcohujate', 16),
(2234, 'Alconchel de la Estrella', 16),
(2235, 'Algarra', 16),
(2236, 'Aliaguilla', 16),
(2237, 'Almarcha (La)', 16),
(2238, 'Almendros', 16),
(2239, 'Almodóvar del Pinar', 16),
(2240, 'Almonacid del Marquesado', 16),
(2241, 'Altarejos', 16),
(2242, 'Arandilla del Arroyo', 16),
(2243, 'Arcas del Villar', 16),
(2244, 'Arcos de la Sierra', 16),
(2245, 'Arguisuelas', 16),
(2246, 'Arrancacepas', 16),
(2247, 'Atalaya del Cañavate', 16),
(2248, 'Barajas de Melo', 16),
(2249, 'Barchín del Hoyo', 16),
(2250, 'Bascuñana de San Pedro', 16),
(2251, 'Beamud', 16),
(2252, 'Belinchón', 16),
(2253, 'Belmonte', 16),
(2254, 'Belmontejo', 16),
(2255, 'Beteta', 16),
(2256, 'Boniches', 16),
(2257, 'Buciegas', 16),
(2258, 'Buenache de Alarcón', 16),
(2259, 'Buenache de la Sierra', 16),
(2260, 'Buendía', 16),
(2261, 'Campillo de Altobuey', 16),
(2262, 'Campillos-Paravientos', 16),
(2263, 'Campillos-Sierra', 16),
(2264, 'Campos del Paraíso', 16),
(2265, 'Canalejas del Arroyo', 16),
(2266, 'Cañada del Hoyo', 16),
(2267, 'Cañada Juncosa', 16),
(2268, 'Cañamares', 16),
(2269, 'Cañavate (El)', 16),
(2270, 'Cañaveras', 16),
(2271, 'Cañaveruelas', 16),
(2272, 'Cañete', 16),
(2273, 'Cañizares', 16),
(2274, 'Carboneras de Guadazaón', 16),
(2275, 'Cardenete', 16),
(2276, 'Carrascosa', 16),
(2277, 'Carrascosa de Haro', 16),
(2278, 'Casas de Benítez', 16),
(2279, 'Casas de Fernando Alonso', 16),
(2280, 'Casas de Garcimolina', 16),
(2281, 'Casas de Guijarro', 16),
(2282, 'Casas de Haro', 16),
(2283, 'Casas de los Pinos', 16),
(2284, 'Casasimarro', 16),
(2285, 'Castejón', 16),
(2286, 'Castillejo de Iniesta', 16),
(2287, 'Castillejo-Sierra', 16),
(2288, 'Castillo de Garcimuñoz', 16),
(2289, 'Castillo-Albaráñez', 16),
(2290, 'Cervera del Llano', 16),
(2291, 'Chillarón de Cuenca', 16),
(2292, 'Chumillas', 16),
(2293, 'Cierva (La)', 16),
(2294, 'Cuenca', 16),
(2295, 'Cueva del Hierro', 16),
(2296, 'Enguídanos', 16),
(2297, 'Fresneda de Altarejos', 16),
(2298, 'Fresneda de la Sierra', 16),
(2299, 'Frontera (La)', 16),
(2300, 'Fuente de Pedro Naharro', 16),
(2301, 'Fuentelespino de Haro', 16),
(2302, 'Fuentelespino de Moya', 16),
(2303, 'Fuentenava de Jábaga', 16),
(2304, 'Fuentes', 16),
(2305, 'Fuertescusa', 16),
(2306, 'Gabaldón', 16),
(2307, 'Garaballa', 16),
(2308, 'Gascueña', 16),
(2309, 'Graja de Campalbo', 16),
(2310, 'Graja de Iniesta', 16),
(2311, 'Henarejos', 16),
(2312, 'Herrumblar (El)', 16),
(2313, 'Hinojosa (La)', 16),
(2314, 'Hinojosos (Los)', 16),
(2315, 'Hito (El)', 16),
(2316, 'Honrubia', 16),
(2317, 'Hontanaya', 16),
(2318, 'Hontecillas', 16),
(2319, 'Horcajo de Santiago', 16),
(2320, 'Huélamo', 16),
(2321, 'Huelves', 16),
(2322, 'Huérguina', 16),
(2323, 'Huerta de la Obispalía', 16),
(2324, 'Huerta del Marquesado', 16),
(2325, 'Huete', 16),
(2326, 'Iniesta', 16),
(2327, 'Laguna del Marquesado', 16),
(2328, 'Lagunaseca', 16),
(2329, 'Landete', 16),
(2330, 'Ledaña', 16),
(2331, 'Leganiel', 16),
(2332, 'Majadas (Las)', 16),
(2333, 'Mariana', 16),
(2334, 'Masegosa', 16),
(2335, 'Mesas (Las)', 16),
(2336, 'Minglanilla', 16),
(2337, 'Mira', 16),
(2338, 'Monreal del Llano', 16),
(2339, 'Montalbanejo', 16),
(2340, 'Montalbo', 16),
(2341, 'Monteagudo de las Salinas', 16),
(2342, 'Mota de Altarejos', 16),
(2343, 'Mota del Cuervo', 16),
(2344, 'Motilla del Palancar', 16),
(2345, 'Moya', 16),
(2346, 'Narboneta', 16),
(2347, 'Olivares de Júcar', 16),
(2348, 'Olmeda de la Cuesta', 16),
(2349, 'Olmeda del Rey', 16),
(2350, 'Olmedilla de Alarcón', 16),
(2351, 'Olmedilla de Eliz', 16),
(2352, 'Osa de la Vega', 16),
(2353, 'Pajarón', 16),
(2354, 'Pajaroncillo', 16),
(2355, 'Palomares del Campo', 16),
(2356, 'Palomera', 16),
(2357, 'Paracuellos', 16),
(2358, 'Paredes', 16),
(2359, 'Parra de las Vegas (La)', 16),
(2360, 'Pedernoso (El)', 16),
(2361, 'Pedroñeras (Las)', 16),
(2362, 'Peral (El)', 16),
(2363, 'Peraleja (La)', 16),
(2364, 'Pesquera (La)', 16),
(2365, 'Picazo (El)', 16),
(2366, 'Pinarejo', 16),
(2367, 'Pineda de Gigüela', 16),
(2368, 'Piqueras del Castillo', 16),
(2369, 'Portalrubio de Guadamejud', 16),
(2370, 'Portilla', 16),
(2371, 'Poyatos', 16),
(2372, 'Pozoamargo', 16),
(2373, 'Pozorrubielos de la Mancha', 16),
(2374, 'Pozorrubio', 16),
(2375, 'Pozuelo (El)', 16),
(2376, 'Priego', 16),
(2377, 'Provencio (El)', 16),
(2378, 'Puebla de Almenara', 16),
(2379, 'Puebla de Don Francisco', 16),
(2380, 'Puebla del Salvador', 16),
(2381, 'Quintanar del Rey', 16),
(2382, 'Rada de Haro', 16),
(2383, 'Reíllo', 16),
(2384, 'Rozalén del Monte', 16),
(2385, 'Saceda-Trasierra', 16),
(2386, 'Saelices', 16),
(2387, 'Salinas del Manzano', 16),
(2388, 'Salmeroncillos', 16),
(2389, 'Salvacañete', 16),
(2390, 'San Clemente', 16),
(2391, 'San Lorenzo de la Parrilla', 16),
(2392, 'San Martín de Boniches', 16),
(2393, 'San Pedro Palmiches', 16),
(2394, 'Santa Cruz de Moya', 16),
(2395, 'Santa María de los Llanos', 16),
(2396, 'Santa María del Campo Rus', 16),
(2397, 'Santa María del Val', 16),
(2398, 'Sisante', 16),
(2399, 'Solera de Gabaldón', 16),
(2400, 'Sotorribas', 16),
(2401, 'Talayuelas', 16),
(2402, 'Tarancón', 16),
(2403, 'Tébar', 16),
(2404, 'Tejadillos', 16),
(2405, 'Tinajas', 16),
(2406, 'Torralba', 16),
(2407, 'Torrejoncillo del Rey', 16),
(2408, 'Torrubia del Campo', 16),
(2409, 'Torrubia del Castillo', 16),
(2410, 'Tragacete', 16),
(2411, 'Tresjuncos', 16),
(2412, 'Tribaldos', 16),
(2413, 'Uclés', 16),
(2414, 'Uña', 16),
(2415, 'Valdecolmenas (Los)', 16),
(2416, 'Valdemeca', 16),
(2417, 'Valdemorillo de la Sierra', 16),
(2418, 'Valdemoro-Sierra', 16),
(2419, 'Valdeolivas', 16),
(2420, 'Valdetórtola', 16),
(2421, 'Valeras (Las)', 16),
(2422, 'Valhermoso de la Fuente', 16),
(2423, 'Valsalobre', 16),
(2424, 'Valverde de Júcar', 16),
(2425, 'Valverdejo', 16),
(2426, 'Vara de Rey', 16),
(2427, 'Vega del Codorno', 16),
(2428, 'Vellisca', 16),
(2429, 'Villaconejos de Trabaque', 16),
(2430, 'Villaescusa de Haro', 16),
(2431, 'Villagarcía del Llano', 16),
(2432, 'Villalba de la Sierra', 16),
(2433, 'Villalba del Rey', 16),
(2434, 'Villalgordo del Marquesado', 16),
(2435, 'Villalpardo', 16),
(2436, 'Villamayor de Santiago', 16),
(2437, 'Villanueva de Guadamejud', 16),
(2438, 'Villanueva de la Jara', 16),
(2439, 'Villar de Cañas', 16),
(2440, 'Villar de Domingo García', 16),
(2441, 'Villar de la Encina', 16),
(2442, 'Villar de Olalla', 16),
(2443, 'Villar del Humo', 16),
(2444, 'Villar del Infantado', 16),
(2445, 'Villar y Velasco', 16),
(2446, 'Villarejo de Fuentes', 16),
(2447, 'Villarejo de la Peñuela', 16),
(2448, 'Villarejo-Periesteban', 16),
(2449, 'Villares del Saz', 16),
(2450, 'Villarrubio', 16),
(2451, 'Villarta', 16),
(2452, 'Villas de la Ventosa', 16),
(2453, 'Villaverde y Pasaconsol', 16),
(2454, 'Víllora', 16),
(2455, 'Vindel', 16),
(2456, 'Yémeda', 16),
(2457, 'Zafra de Záncara', 16),
(2458, 'Zafrilla', 16),
(2459, 'Zarza de Tajo', 16),
(2460, 'Zarzuela', 16),
(2461, 'Agullana', 17),
(2462, 'Aiguaviva', 17),
(2463, 'Albanyà', 17),
(2464, 'Albons', 17),
(2465, 'Alp', 17),
(2466, 'Amer', 17),
(2467, 'Anglès', 17),
(2468, 'Arbúcies', 17),
(2469, 'Argelaguer', 17),
(2470, 'Armentera (L'')', 17),
(2471, 'Avinyonet de Puigventós', 17),
(2472, 'Banyoles', 17),
(2473, 'Bàscara', 17),
(2474, 'Begur', 17),
(2475, 'Bellcaire d''Empordà', 17),
(2476, 'Besalú', 17),
(2477, 'Bescanó', 17),
(2478, 'Beuda', 17),
(2479, 'Bisbal d''Empordà (La)', 17),
(2480, 'Biure', 17),
(2481, 'Blanes', 17),
(2482, 'Boadella i les Escaules', 17),
(2483, 'Bolvir', 17),
(2484, 'Bordils', 17),
(2485, 'Borrassà', 17),
(2486, 'Breda', 17),
(2487, 'Brunyola', 17),
(2488, 'Cabanelles', 17),
(2489, 'Cabanes', 17),
(2490, 'Cadaqués', 17),
(2491, 'Caldes de Malavella', 17),
(2492, 'Calonge', 17),
(2493, 'Camós', 17),
(2494, 'Campdevànol', 17),
(2495, 'Campelles', 17),
(2496, 'Campllong', 17),
(2497, 'Camprodon', 17),
(2498, 'Canet d''Adri', 17),
(2499, 'Cantallops', 17),
(2500, 'Capmany', 17),
(2501, 'Cassà de la Selva', 17),
(2502, 'Castellfollit de la Roca', 17),
(2503, 'Castelló d''Empúries', 17),
(2504, 'Castell-Platja d''Aro', 17),
(2505, 'Cellera de Ter (La)', 17),
(2506, 'Celrà', 17),
(2507, 'Cervià de Ter', 17),
(2508, 'Cistella', 17),
(2509, 'Colera', 17),
(2510, 'Colomers', 17),
(2511, 'Corçà', 17),
(2512, 'Cornellà del Terri', 17),
(2513, 'Crespià', 17),
(2514, 'Cruïlles, Monells i Sant Sadurní de l''Heura', 17),
(2515, 'Darnius', 17),
(2516, 'Das', 17),
(2517, 'Escala (L'')', 17),
(2518, 'Espinelves', 17),
(2519, 'Espolla', 17),
(2520, 'Esponellà', 17),
(2521, 'Far d''Empordà (El)', 17),
(2522, 'Figueres', 17),
(2523, 'Flaçà', 17),
(2524, 'Foixà', 17),
(2525, 'Fontanals de Cerdanya', 17),
(2526, 'Fontanilles', 17),
(2527, 'Fontcoberta', 17),
(2528, 'Forallac', 17),
(2529, 'Fornells de la Selva', 17),
(2530, 'Fortià', 17),
(2531, 'Garrigàs', 17),
(2532, 'Garrigoles', 17),
(2533, 'Garriguella', 17),
(2534, 'Ger', 17),
(2535, 'Girona', 17),
(2536, 'Gombrèn', 17),
(2537, 'Gualta', 17),
(2538, 'Guils de Cerdanya', 17),
(2539, 'Hostalric', 17),
(2540, 'Isòvol', 17),
(2541, 'Jafre', 17),
(2542, 'Jonquera (La)', 17),
(2543, 'Juià', 17),
(2544, 'Lladó', 17),
(2545, 'Llagostera', 17),
(2546, 'Llambilles', 17),
(2547, 'Llanars', 17),
(2548, 'Llançà', 17),
(2549, 'Llers', 17),
(2550, 'Llívia', 17),
(2551, 'Lloret de Mar', 17),
(2552, 'Llosses (Les)', 17),
(2553, 'Maçanet de Cabrenys', 17),
(2554, 'Maçanet de la Selva', 17),
(2555, 'Madremanya', 17),
(2556, 'Maià de Montcal', 17),
(2557, 'Masarac', 17),
(2558, 'Massanes', 17),
(2559, 'Meranges', 17),
(2560, 'Mieres', 17),
(2561, 'Mollet de Peralada', 17),
(2562, 'Molló', 17),
(2563, 'Montagut i Oix', 17),
(2564, 'Mont-ras', 17),
(2565, 'Navata', 17),
(2566, 'Ogassa', 17),
(2567, 'Olot', 17),
(2568, 'Ordis', 17),
(2569, 'Osor', 17),
(2570, 'Palafrugell', 17),
(2571, 'Palamós', 17),
(2572, 'Palau de Santa Eulàlia', 17),
(2573, 'Palau-sator', 17),
(2574, 'Palau-saverdera', 17),
(2575, 'Palol de Revardit', 17),
(2576, 'Pals', 17),
(2577, 'Pardines', 17),
(2578, 'Parlavà', 17),
(2579, 'Pau', 17),
(2580, 'Pedret i Marzà', 17),
(2581, 'Pera (La)', 17),
(2582, 'Peralada', 17),
(2583, 'Planes d''Hostoles (Les)', 17),
(2584, 'Planoles', 17),
(2585, 'Pont de Molins', 17),
(2586, 'Pontós', 17),
(2587, 'Porqueres', 17),
(2588, 'Port de la Selva (El)', 17),
(2589, 'Portbou', 17),
(2590, 'Preses (Les)', 17),
(2591, 'Puigcerdà', 17),
(2592, 'Quart', 17),
(2593, 'Queralbs', 17),
(2594, 'Rabós', 17),
(2595, 'Regencós', 17),
(2596, 'Ribes de Freser', 17),
(2597, 'Riells i Viabrea', 17),
(2598, 'Ripoll', 17),
(2599, 'Riudarenes', 17),
(2600, 'Riudaura', 17),
(2601, 'Riudellots de la Selva', 17),
(2602, 'Riumors', 17),
(2603, 'Roses', 17),
(2604, 'Rupià', 17),
(2605, 'Sales de Llierca', 17),
(2606, 'Salt', 17),
(2607, 'Sant Andreu Salou', 17),
(2608, 'Sant Aniol de Finestres', 17),
(2609, 'Sant Climent Sescebes', 17),
(2610, 'Sant Feliu de Buixalleu', 17),
(2611, 'Sant Feliu de Guíxols', 17),
(2612, 'Sant Feliu de Pallerols', 17),
(2613, 'Sant Ferriol', 17),
(2614, 'Sant Gregori', 17),
(2615, 'Sant Hilari Sacalm', 17),
(2616, 'Sant Jaume de Llierca', 17),
(2617, 'Sant Joan de les Abadesses', 17),
(2618, 'Sant Joan de Mollet', 17),
(2619, 'Sant Joan les Fonts', 17),
(2620, 'Sant Jordi Desvalls', 17),
(2621, 'Sant Julià de Ramis', 17),
(2622, 'Sant Julià del Llor i Bonmatí', 17),
(2623, 'Sant Llorenç de la Muga', 17),
(2624, 'Sant Martí de Llémena', 17),
(2625, 'Sant Martí Vell', 17),
(2626, 'Sant Miquel de Campmajor', 17),
(2627, 'Sant Miquel de Fluvià', 17),
(2628, 'Sant Mori', 17),
(2629, 'Sant Pau de Segúries', 17),
(2630, 'Sant Pere Pescador', 17),
(2631, 'Santa Coloma de Farners', 17),
(2632, 'Santa Cristina d''Aro', 17),
(2633, 'Santa Llogaia d''Àlguema', 17),
(2634, 'Santa Pau', 17),
(2635, 'Sarrià de Ter', 17),
(2636, 'Saus, Camallera i Llampaies', 17),
(2637, 'Selva de Mar (La)', 17),
(2638, 'Serinyà', 17),
(2639, 'Serra de Daró', 17),
(2640, 'Setcases', 17),
(2641, 'Sils', 17),
(2642, 'Siurana', 17),
(2643, 'Susqueda', 17),
(2644, 'Tallada d''Empordà (La)', 17),
(2645, 'Terrades', 17),
(2646, 'Torrent', 17),
(2647, 'Torroella de Fluvià', 17),
(2648, 'Torroella de Montgrí', 17),
(2649, 'Tortellà', 17),
(2650, 'Toses', 17),
(2651, 'Tossa de Mar', 17),
(2652, 'Ullà', 17),
(2653, 'Ullastret', 17),
(2654, 'Ultramort', 17),
(2655, 'Urús', 17),
(2656, 'Vajol (La)', 17),
(2657, 'Vall de Bianya (La)', 17),
(2658, 'Vall d''en Bas (La)', 17),
(2659, 'Vallfogona de Ripollès', 17),
(2660, 'Vall-llobrega', 17),
(2661, 'Ventalló', 17),
(2662, 'Verges', 17),
(2663, 'Vidrà', 17),
(2664, 'Vidreres', 17),
(2665, 'Vilabertran', 17),
(2666, 'Vilablareix', 17),
(2667, 'Viladamat', 17),
(2668, 'Viladasens', 17),
(2669, 'Vilademuls', 17),
(2670, 'Viladrau', 17),
(2671, 'Vilafant', 17),
(2672, 'Vilajuïga', 17),
(2673, 'Vilallonga de Ter', 17),
(2674, 'Vilamacolum', 17),
(2675, 'Vilamalla', 17),
(2676, 'Vilamaniscle', 17),
(2677, 'Vilanant', 17),
(2678, 'Vila-sacra', 17),
(2679, 'Vilaür', 17),
(2680, 'Vilobí d''Onyar', 17),
(2681, 'Vilopriu', 17),
(2682, 'Agrón', 18),
(2683, 'Alamedilla', 18),
(2684, 'Albolote', 18),
(2685, 'Albondón', 18),
(2686, 'Albuñán', 18),
(2687, 'Albuñol', 18),
(2688, 'Albuñuelas', 18),
(2689, 'Aldeire', 18),
(2690, 'Alfacar', 18),
(2691, 'Algarinejo', 18),
(2692, 'Alhama de Granada', 18),
(2693, 'Alhendín', 18),
(2694, 'Alicún de Ortega', 18),
(2695, 'Almegíjar', 18),
(2696, 'Almuñécar', 18),
(2697, 'Alpujarra de la Sierra', 18),
(2698, 'Alquife', 18),
(2699, 'Arenas del Rey', 18),
(2700, 'Armilla', 18),
(2701, 'Atarfe', 18),
(2702, 'Baza', 18),
(2703, 'Beas de Granada', 18),
(2704, 'Beas de Guadix', 18),
(2705, 'Benalúa', 18),
(2706, 'Benalúa de las Villas', 18),
(2707, 'Benamaurel', 18),
(2708, 'Bérchules', 18),
(2709, 'Bubión', 18),
(2710, 'Busquístar', 18),
(2711, 'Cacín', 18),
(2712, 'Cádiar', 18),
(2713, 'Cájar', 18),
(2714, 'Calahorra (La)', 18),
(2715, 'Calicasas', 18),
(2716, 'Campotéjar', 18),
(2717, 'Caniles', 18),
(2718, 'Cáñar', 18),
(2719, 'Capileira', 18),
(2720, 'Carataunas', 18),
(2721, 'Cástaras', 18),
(2722, 'Castilléjar', 18),
(2723, 'Castril', 18),
(2724, 'Cenes de la Vega', 18),
(2725, 'Chauchina', 18),
(2726, 'Chimeneas', 18),
(2727, 'Churriana de la Vega', 18),
(2728, 'Cijuela', 18),
(2729, 'Cogollos de Guadix', 18),
(2730, 'Cogollos de la Vega', 18),
(2731, 'Colomera', 18),
(2732, 'Cortes de Baza', 18),
(2733, 'Cortes y Graena', 18),
(2734, 'Cuevas del Campo', 18),
(2735, 'Cúllar', 18),
(2736, 'Cúllar Vega', 18),
(2737, 'Darro', 18),
(2738, 'Dehesas de Guadix', 18),
(2739, 'Deifontes', 18),
(2740, 'Diezma', 18),
(2741, 'Dílar', 18),
(2742, 'Dólar', 18),
(2743, 'Dúdar', 18),
(2744, 'Dúrcal', 18),
(2745, 'Escúzar', 18),
(2746, 'Ferreira', 18),
(2747, 'Fonelas', 18),
(2748, 'Freila', 18),
(2749, 'Fuente Vaqueros', 18),
(2750, 'Gabias (Las)', 18),
(2751, 'Galera', 18),
(2752, 'Gobernador', 18),
(2753, 'Gójar', 18),
(2754, 'Gor', 18),
(2755, 'Gorafe', 18),
(2756, 'Granada', 18),
(2757, 'Guadahortuna', 18),
(2758, 'Guadix', 18),
(2759, 'Guajares (Los)', 18),
(2760, 'Gualchos', 18),
(2761, 'Güejar Sierra', 18),
(2762, 'Güevéjar', 18),
(2763, 'Huélago', 18),
(2764, 'Huéneja', 18),
(2765, 'Huéscar', 18),
(2766, 'Huétor de Santillán', 18),
(2767, 'Huétor Tájar', 18),
(2768, 'Huétor Vega', 18),
(2769, 'Illora', 18),
(2770, 'Itrabo', 18),
(2771, 'Iznalloz', 18),
(2772, 'Jayena', 18),
(2773, 'Jerez del Marquesado', 18),
(2774, 'Jete', 18),
(2775, 'Jun', 18),
(2776, 'Juviles', 18),
(2777, 'Láchar', 18),
(2778, 'Lanjarón', 18),
(2779, 'Lanteira', 18),
(2780, 'Lecrín', 18),
(2781, 'Lentegí', 18),
(2782, 'Lobras', 18),
(2783, 'Loja', 18),
(2784, 'Lugros', 18),
(2785, 'Lújar', 18),
(2786, 'Malahá (La)', 18),
(2787, 'Maracena', 18),
(2788, 'Marchal', 18),
(2789, 'Moclín', 18),
(2790, 'Molvízar', 18),
(2791, 'Monachil', 18),
(2792, 'Montefrío', 18),
(2793, 'Montejícar', 18),
(2794, 'Montillana', 18),
(2795, 'Moraleda de Zafayona', 18),
(2796, 'Morelábor', 18),
(2797, 'Motril', 18),
(2798, 'Murtas', 18),
(2799, 'Nevada', 18),
(2800, 'Nigüelas', 18),
(2801, 'Nívar', 18),
(2802, 'Ogíjares', 18),
(2803, 'Orce', 18),
(2804, 'Órgiva', 18),
(2805, 'Otívar', 18),
(2806, 'Otura', 18),
(2807, 'Padul', 18),
(2808, 'Pampaneira', 18),
(2809, 'Pedro Martínez', 18),
(2810, 'Peligros', 18),
(2811, 'Peza (La)', 18),
(2812, 'Pinar (El)', 18),
(2813, 'Pinos Genil', 18),
(2814, 'Pinos Puente', 18),
(2815, 'Píñar', 18),
(2816, 'Polícar', 18),
(2817, 'Polopos', 18),
(2818, 'Pórtugos', 18),
(2819, 'Puebla de Don Fadrique', 18),
(2820, 'Pulianas', 18),
(2821, 'Purullena', 18),
(2822, 'Quéntar', 18),
(2823, 'Rubite', 18),
(2824, 'Salar', 18),
(2825, 'Salobreña', 18),
(2826, 'Santa Cruz del Comercio', 18),
(2827, 'Santa Fe', 18),
(2828, 'Soportújar', 18),
(2829, 'Sorvilán', 18),
(2830, 'Taha (La)', 18),
(2831, 'Torre-Cardela', 18),
(2832, 'Torvizcón', 18),
(2833, 'Trevélez', 18),
(2834, 'Turón', 18),
(2835, 'Ugíjar', 18),
(2836, 'Valle (El)', 18),
(2837, 'Valle del Zalabí', 18),
(2838, 'Válor', 18),
(2839, 'Vegas del Genil', 18),
(2840, 'Vélez de Benaudalla', 18),
(2841, 'Ventas de Huelma', 18),
(2842, 'Villamena', 18),
(2843, 'Villanueva de las Torres', 18),
(2844, 'Villanueva Mesía', 18),
(2845, 'Víznar', 18),
(2846, 'Zafarraya', 18),
(2847, 'Zagra', 18),
(2848, 'Zubia (La)', 18),
(2849, 'Zújar', 18),
(2850, 'Abánades', 19),
(2851, 'Ablanque', 19),
(2852, 'Adobes', 19),
(2853, 'Alaminos', 19),
(2854, 'Alarilla', 19),
(2855, 'Albalate de Zorita', 19),
(2856, 'Albares', 19),
(2857, 'Albendiego', 19),
(2858, 'Alcocer', 19),
(2859, 'Alcolea de las Peñas', 19),
(2860, 'Alcolea del Pinar', 19),
(2861, 'Alcoroches', 19),
(2862, 'Aldeanueva de Guadalajara', 19),
(2863, 'Algar de Mesa', 19),
(2864, 'Algora', 19),
(2865, 'Alhóndiga', 19),
(2866, 'Alique', 19),
(2867, 'Almadrones', 19),
(2868, 'Almoguera', 19),
(2869, 'Almonacid de Zorita', 19),
(2870, 'Alocén', 19),
(2871, 'Alovera', 19),
(2872, 'Alustante', 19),
(2873, 'Angón', 19),
(2874, 'Anguita', 19),
(2875, 'Anquela del Ducado', 19),
(2876, 'Anquela del Pedregal', 19),
(2877, 'Aranzueque', 19),
(2878, 'Arbancón', 19),
(2879, 'Arbeteta', 19),
(2880, 'Argecilla', 19),
(2881, 'Armallones', 19),
(2882, 'Armuña de Tajuña', 19),
(2883, 'Arroyo de las Fraguas', 19),
(2884, 'Atanzón', 19),
(2885, 'Atienza', 19),
(2886, 'Auñón', 19),
(2887, 'Azuqueca de Henares', 19),
(2888, 'Baides', 19),
(2889, 'Baños de Tajo', 19),
(2890, 'Bañuelos', 19),
(2891, 'Barriopedro', 19),
(2892, 'Berninches', 19),
(2893, 'Bodera (La)', 19),
(2894, 'Brihuega', 19),
(2895, 'Budia', 19),
(2896, 'Bujalaro', 19),
(2897, 'Bustares', 19),
(2898, 'Cabanillas del Campo', 19),
(2899, 'Campillo de Dueñas', 19),
(2900, 'Campillo de Ranas', 19),
(2901, 'Campisábalos', 19),
(2902, 'Canredondo', 19),
(2903, 'Cantalojas', 19),
(2904, 'Cañizar', 19),
(2905, 'Cardoso de la Sierra (El)', 19),
(2906, 'Casa de Uceda', 19),
(2907, 'Casar (El)', 19),
(2908, 'Casas de San Galindo', 19),
(2909, 'Caspueñas', 19),
(2910, 'Castejón de Henares', 19),
(2911, 'Castellar de la Muela', 19),
(2912, 'Castilforte', 19),
(2913, 'Castilnuevo', 19),
(2914, 'Cendejas de Enmedio', 19),
(2915, 'Cendejas de la Torre', 19),
(2916, 'Centenera', 19),
(2917, 'Checa', 19),
(2918, 'Chequilla', 19),
(2919, 'Chillarón del Rey', 19),
(2920, 'Chiloeches', 19),
(2921, 'Cifuentes', 19),
(2922, 'Cincovillas', 19),
(2923, 'Ciruelas', 19),
(2924, 'Ciruelos del Pinar', 19),
(2925, 'Cobeta', 19),
(2926, 'Cogollor', 19),
(2927, 'Cogolludo', 19),
(2928, 'Condemios de Abajo', 19),
(2929, 'Condemios de Arriba', 19),
(2930, 'Congostrina', 19),
(2931, 'Copernal', 19),
(2932, 'Corduente', 19),
(2933, 'Cubillo de Uceda (El)', 19),
(2934, 'Driebes', 19),
(2935, 'Durón', 19),
(2936, 'Embid', 19),
(2937, 'Escamilla', 19),
(2938, 'Escariche', 19),
(2939, 'Escopete', 19),
(2940, 'Espinosa de Henares', 19),
(2941, 'Esplegares', 19),
(2942, 'Establés', 19),
(2943, 'Estriégana', 19),
(2944, 'Fontanar', 19),
(2945, 'Fuembellida', 19),
(2946, 'Fuencemillán', 19),
(2947, 'Fuentelahiguera de Albatages', 19),
(2948, 'Fuentelencina', 19),
(2949, 'Fuentelsaz', 19),
(2950, 'Fuentelviejo', 19),
(2951, 'Fuentenovilla', 19),
(2952, 'Gajanejos', 19),
(2953, 'Galápagos', 19),
(2954, 'Galve de Sorbe', 19),
(2955, 'Gascueña de Bornova', 19),
(2956, 'Guadalajara', 19),
(2957, 'Henche', 19),
(2958, 'Heras de Ayuso', 19),
(2959, 'Herrería', 19),
(2960, 'Hiendelaencina', 19),
(2961, 'Hijes', 19),
(2962, 'Hita', 19),
(2963, 'Hombrados', 19),
(2964, 'Hontoba', 19),
(2965, 'Horche', 19),
(2966, 'Hortezuela de Océn', 19),
(2967, 'Huerce (La)', 19),
(2968, 'Huérmeces del Cerro', 19),
(2969, 'Huertahernando', 19),
(2970, 'Hueva', 19),
(2971, 'Humanes', 19),
(2972, 'Illana', 19),
(2973, 'Iniéstola', 19),
(2974, 'Inviernas (Las)', 19),
(2975, 'Irueste', 19),
(2976, 'Jadraque', 19),
(2977, 'Jirueque', 19),
(2978, 'Ledanca', 19),
(2979, 'Loranca de Tajuña', 19),
(2980, 'Lupiana', 19),
(2981, 'Luzaga', 19),
(2982, 'Luzón', 19),
(2983, 'Majaelrayo', 19),
(2984, 'Málaga del Fresno', 19),
(2985, 'Malaguilla', 19),
(2986, 'Mandayona', 19),
(2987, 'Mantiel', 19),
(2988, 'Maranchón', 19),
(2989, 'Marchamalo', 19),
(2990, 'Masegoso de Tajuña', 19),
(2991, 'Matarrubia', 19),
(2992, 'Matillas', 19),
(2993, 'Mazarete', 19),
(2994, 'Mazuecos', 19),
(2995, 'Medranda', 19),
(2996, 'Megina', 19),
(2997, 'Membrillera', 19),
(2998, 'Miedes de Atienza', 19),
(2999, 'Mierla (La)', 19),
(3000, 'Millana', 19),
(3001, 'Milmarcos', 19),
(3002, 'Miñosa (La)', 19),
(3003, 'Mirabueno', 19),
(3004, 'Miralrío', 19),
(3005, 'Mochales', 19),
(3006, 'Mohernando', 19),
(3007, 'Molina de Aragón', 19),
(3008, 'Monasterio', 19),
(3009, 'Mondéjar', 19),
(3010, 'Montarrón', 19),
(3011, 'Moratilla de los Meleros', 19),
(3012, 'Morenilla', 19),
(3013, 'Muduex', 19),
(3014, 'Navas de Jadraque (Las)', 19),
(3015, 'Negredo', 19),
(3016, 'Ocentejo', 19),
(3017, 'Olivar (El)', 19),
(3018, 'Olmeda de Cobeta', 19),
(3019, 'Olmeda de Jadraque (La)', 19),
(3020, 'Ordial (El)', 19),
(3021, 'Orea', 19),
(3022, 'Pálmaces de Jadraque', 19),
(3023, 'Pardos', 19),
(3024, 'Paredes de Sigüenza', 19),
(3025, 'Pareja', 19),
(3026, 'Pastrana', 19),
(3027, 'Pedregal (El)', 19),
(3028, 'Peñalén', 19),
(3029, 'Peñalver', 19),
(3030, 'Peralejos de las Truchas', 19),
(3031, 'Peralveche', 19),
(3032, 'Pinilla de Jadraque', 19),
(3033, 'Pinilla de Molina', 19),
(3034, 'Pioz', 19),
(3035, 'Piqueras', 19),
(3036, 'Pobo de Dueñas (El)', 19),
(3037, 'Poveda de la Sierra', 19),
(3038, 'Pozo de Almoguera', 19),
(3039, 'Pozo de Guadalajara', 19),
(3040, 'Prádena de Atienza', 19),
(3041, 'Prados Redondos', 19),
(3042, 'Puebla de Beleña', 19),
(3043, 'Puebla de Valles', 19),
(3044, 'Quer', 19),
(3045, 'Rebollosa de Jadraque', 19),
(3046, 'Recuenco (El)', 19),
(3047, 'Renera', 19),
(3048, 'Retiendas', 19),
(3049, 'Riba de Saelices', 19),
(3050, 'Rillo de Gallo', 19),
(3051, 'Riofrío del Llano', 19),
(3052, 'Robledillo de Mohernando', 19),
(3053, 'Robledo de Corpes', 19),
(3054, 'Romanillos de Atienza', 19),
(3055, 'Romanones', 19),
(3056, 'Rueda de la Sierra', 19),
(3057, 'Sacecorbo', 19),
(3058, 'Sacedón', 19),
(3059, 'Saelices de la Sal', 19),
(3060, 'Salmerón', 19),
(3061, 'San Andrés del Congosto', 19),
(3062, 'San Andrés del Rey', 19),
(3063, 'Santiuste', 19),
(3064, 'Saúca', 19),
(3065, 'Sayatón', 19),
(3066, 'Selas', 19),
(3067, 'Semillas', 19),
(3068, 'Setiles', 19),
(3069, 'Sienes', 19),
(3070, 'Sigüenza', 19),
(3071, 'Solanillos del Extremo', 19),
(3072, 'Somolinos', 19),
(3073, 'Sotillo (El)', 19),
(3074, 'Sotodosos', 19),
(3075, 'Tamajón', 19),
(3076, 'Taragudo', 19),
(3077, 'Taravilla', 19),
(3078, 'Tartanedo', 19),
(3079, 'Tendilla', 19),
(3080, 'Terzaga', 19),
(3081, 'Tierzo', 19),
(3082, 'Toba (La)', 19),
(3083, 'Tordellego', 19),
(3084, 'Tordelrábano', 19),
(3085, 'Tordesilos', 19),
(3086, 'Torija', 19),
(3087, 'Torre del Burgo', 19),
(3088, 'Torrecuadrada de Molina', 19),
(3089, 'Torrecuadradilla', 19),
(3090, 'Torrejón del Rey', 19),
(3091, 'Torremocha de Jadraque', 19),
(3092, 'Torremocha del Campo', 19),
(3093, 'Torremocha del Pinar', 19),
(3094, 'Torremochuela', 19),
(3095, 'Torrubia', 19),
(3096, 'Tórtola de Henares', 19),
(3097, 'Tortuera', 19),
(3098, 'Tortuero', 19),
(3099, 'Traíd', 19),
(3100, 'Trijueque', 19),
(3101, 'Trillo', 19),
(3102, 'Uceda', 19),
(3103, 'Ujados', 19),
(3104, 'Utande', 19),
(3105, 'Valdarachas', 19),
(3106, 'Valdearenas', 19),
(3107, 'Valdeavellano', 19),
(3108, 'Valdeaveruelo', 19),
(3109, 'Valdeconcha', 19),
(3110, 'Valdegrudas', 19),
(3111, 'Valdelcubo', 19),
(3112, 'Valdenuño Fernández', 19),
(3113, 'Valdepeñas de la Sierra', 19),
(3114, 'Valderrebollo', 19),
(3115, 'Valdesotos', 19),
(3116, 'Valfermoso de Tajuña', 19),
(3117, 'Valhermoso', 19),
(3118, 'Valtablado del Río', 19),
(3119, 'Valverde de los Arroyos', 19),
(3120, 'Viana de Jadraque', 19),
(3121, 'Villanueva de Alcorón', 19),
(3122, 'Villanueva de Argecilla', 19),
(3123, 'Villanueva de la Torre', 19),
(3124, 'Villares de Jadraque', 19),
(3125, 'Villaseca de Henares', 19),
(3126, 'Villaseca de Uceda', 19),
(3127, 'Villel de Mesa', 19),
(3128, 'Viñuelas', 19),
(3129, 'Yebes', 19),
(3130, 'Yebra', 19),
(3131, 'Yélamos de Abajo', 19),
(3132, 'Yélamos de Arriba', 19),
(3133, 'Yunquera de Henares', 19),
(3134, 'Yunta (La)', 19),
(3135, 'Zaorejas', 19),
(3136, 'Zarzuela de Jadraque', 19),
(3137, 'Zorita de los Canes', 19),
(3138, 'Abaltzisketa', 20),
(3139, 'Aduna', 20),
(3140, 'Aia', 20),
(3141, 'Aizarnazabal', 20),
(3142, 'Albiztur', 20),
(3143, 'Alegia', 20),
(3144, 'Alkiza', 20),
(3145, 'Altzaga', 20),
(3146, 'Altzo', 20),
(3147, 'Amezketa', 20),
(3148, 'Andoain', 20),
(3149, 'Anoeta', 20),
(3150, 'Antzuola', 20),
(3151, 'Arama', 20),
(3152, 'Aretxabaleta', 20),
(3153, 'Arrasate/Mondragón', 20),
(3154, 'Asteasu', 20),
(3155, 'Astigarraga', 20),
(3156, 'Ataun', 20),
(3157, 'Azkoitia', 20),
(3158, 'Azpeitia', 20),
(3159, 'Baliarrain', 20),
(3160, 'Beasain', 20),
(3161, 'Beizama', 20),
(3162, 'Belauntza', 20),
(3163, 'Berastegi', 20),
(3164, 'Bergara', 20),
(3165, 'Berrobi', 20),
(3166, 'Bidegoian', 20),
(3167, 'Deba', 20),
(3168, 'Donostia-San Sebastián', 20),
(3169, 'Eibar', 20),
(3170, 'Elduain', 20),
(3171, 'Elgeta', 20),
(3172, 'Elgoibar', 20),
(3173, 'Errenteria', 20),
(3174, 'Errezil', 20),
(3175, 'Eskoriatza', 20),
(3176, 'Ezkio-Itsaso', 20),
(3177, 'Gabiria', 20),
(3178, 'Gaintza', 20),
(3179, 'Gaztelu', 20),
(3180, 'Getaria', 20),
(3181, 'Hernani', 20),
(3182, 'Hernialde', 20),
(3183, 'Hondarribia', 20),
(3184, 'Ibarra', 20),
(3185, 'Idiazabal', 20),
(3186, 'Ikaztegieta', 20),
(3187, 'Irun', 20),
(3188, 'Irura', 20),
(3189, 'Itsasondo', 20),
(3190, 'Larraul', 20),
(3191, 'Lasarte-Oria', 20),
(3192, 'Lazkao', 20),
(3193, 'Leaburu', 20),
(3194, 'Legazpi', 20),
(3195, 'Legorreta', 20),
(3196, 'Leintz-Gatzaga', 20),
(3197, 'Lezo', 20),
(3198, 'Lizartza', 20),
(3199, 'Mendaro', 20),
(3200, 'Mutiloa', 20),
(3201, 'Mutriku', 20),
(3202, 'Oiartzun', 20),
(3203, 'Olaberria', 20),
(3204, 'Oñati', 20),
(3205, 'Ordizia', 20),
(3206, 'Orendain', 20),
(3207, 'Orexa', 20),
(3208, 'Orio', 20),
(3209, 'Ormaiztegi', 20),
(3210, 'Pasaia', 20),
(3211, 'Segura', 20),
(3212, 'Soraluze/Placencia de las Armas', 20),
(3213, 'Tolosa', 20),
(3214, 'Urnieta', 20),
(3215, 'Urretxu', 20),
(3216, 'Usurbil', 20),
(3217, 'Villabona', 20),
(3218, 'Zaldibia', 20),
(3219, 'Zarautz', 20),
(3220, 'Zegama', 20),
(3221, 'Zerain', 20),
(3222, 'Zestoa', 20),
(3223, 'Zizurkil', 20),
(3224, 'Zumaia', 20),
(3225, 'Zumarraga', 20),
(3226, 'Alájar', 21),
(3227, 'Aljaraque', 21),
(3228, 'Almendro (El)', 21),
(3229, 'Almonaster la Real', 21),
(3230, 'Almonte', 21),
(3231, 'Alosno', 21),
(3232, 'Aracena', 21),
(3233, 'Aroche', 21),
(3234, 'Arroyomolinos de León', 21),
(3235, 'Ayamonte', 21),
(3236, 'Beas', 21),
(3237, 'Berrocal', 21),
(3238, 'Bollullos Par del Condado', 21),
(3239, 'Bonares', 21),
(3240, 'Cabezas Rubias', 21),
(3241, 'Cala', 21),
(3242, 'Calañas', 21),
(3243, 'Campillo (El)', 21),
(3244, 'Campofrío', 21),
(3245, 'Cañaveral de León', 21),
(3246, 'Cartaya', 21),
(3247, 'Castaño del Robledo', 21),
(3248, 'Cerro de Andévalo (El)', 21),
(3249, 'Chucena', 21),
(3250, 'Corteconcepción', 21),
(3251, 'Cortegana', 21),
(3252, 'Cortelazor', 21),
(3253, 'Cumbres de Enmedio', 21),
(3254, 'Cumbres de San Bartolomé', 21),
(3255, 'Cumbres Mayores', 21),
(3256, 'Encinasola', 21),
(3257, 'Escacena del Campo', 21),
(3258, 'Fuenteheridos', 21),
(3259, 'Galaroza', 21),
(3260, 'Gibraleón', 21),
(3261, 'Granada de Río-Tinto (La)', 21),
(3262, 'Granado (El)', 21),
(3263, 'Higuera de la Sierra', 21),
(3264, 'Hinojales', 21),
(3265, 'Hinojos', 21),
(3266, 'Huelva', 21),
(3267, 'Isla Cristina', 21),
(3268, 'Jabugo', 21),
(3269, 'Lepe', 21),
(3270, 'Linares de la Sierra', 21),
(3271, 'Lucena del Puerto', 21),
(3272, 'Manzanilla', 21),
(3273, 'Marines (Los)', 21),
(3274, 'Minas de Riotinto', 21),
(3275, 'Moguer', 21),
(3276, 'Nava (La)', 21),
(3277, 'Nerva', 21),
(3278, 'Niebla', 21),
(3279, 'Palma del Condado (La)', 21),
(3280, 'Palos de la Frontera', 21),
(3281, 'Paterna del Campo', 21),
(3282, 'Paymogo', 21),
(3283, 'Puebla de Guzmán', 21),
(3284, 'Puerto Moral', 21),
(3285, 'Punta Umbría', 21),
(3286, 'Rociana del Condado', 21),
(3287, 'Rosal de la Frontera', 21),
(3288, 'San Bartolomé de la Torre', 21),
(3289, 'San Juan del Puerto', 21),
(3290, 'San Silvestre de Guzmán', 21),
(3291, 'Sanlúcar de Guadiana', 21),
(3292, 'Santa Ana la Real', 21),
(3293, 'Santa Bárbara de Casa', 21),
(3294, 'Santa Olalla del Cala', 21),
(3295, 'Trigueros', 21),
(3296, 'Valdelarco', 21),
(3297, 'Valverde del Camino', 21),
(3298, 'Villablanca', 21),
(3299, 'Villalba del Alcor', 21),
(3300, 'Villanueva de las Cruces', 21),
(3301, 'Villanueva de los Castillejos', 21),
(3302, 'Villarrasa', 21),
(3303, 'Zalamea la Real', 21),
(3304, 'Zufre', 21),
(3305, 'Abiego', 22),
(3306, 'Abizanda', 22),
(3307, 'Adahuesca', 22),
(3308, 'Agüero', 22),
(3309, 'Aínsa-Sobrarbe', 22),
(3310, 'Aisa', 22),
(3311, 'Albalate de Cinca', 22),
(3312, 'Albalatillo', 22),
(3313, 'Albelda', 22),
(3314, 'Albero Alto', 22),
(3315, 'Albero Bajo', 22),
(3316, 'Alberuela de Tubo', 22),
(3317, 'Alcalá de Gurrea', 22),
(3318, 'Alcalá del Obispo', 22),
(3319, 'Alcampell', 22),
(3320, 'Alcolea de Cinca', 22),
(3321, 'Alcubierre', 22),
(3322, 'Alerre', 22),
(3323, 'Alfántega', 22),
(3324, 'Almudévar', 22),
(3325, 'Almunia de San Juan', 22),
(3326, 'Almuniente', 22),
(3327, 'Alquézar', 22),
(3328, 'Altorricón', 22),
(3329, 'Angüés', 22),
(3330, 'Ansó', 22),
(3331, 'Antillón', 22),
(3332, 'Aragüés del Puerto', 22),
(3333, 'Arén', 22),
(3334, 'Argavieso', 22),
(3335, 'Arguis', 22),
(3336, 'Ayerbe', 22),
(3337, 'Azanuy-Alins', 22),
(3338, 'Azara', 22),
(3339, 'Azlor', 22),
(3340, 'Baélls', 22),
(3341, 'Bailo', 22),
(3342, 'Baldellou', 22),
(3343, 'Ballobar', 22),
(3344, 'Banastás', 22),
(3345, 'Barbastro', 22),
(3346, 'Barbués', 22),
(3347, 'Barbuñales', 22),
(3348, 'Bárcabo', 22),
(3349, 'Belver de Cinca', 22),
(3350, 'Benabarre', 22),
(3351, 'Benasque', 22),
(3352, 'Berbegal', 22),
(3353, 'Bielsa', 22),
(3354, 'Bierge', 22),
(3355, 'Biescas', 22),
(3356, 'Binaced', 22),
(3357, 'Binéfar', 22),
(3358, 'Bisaurri', 22),
(3359, 'Biscarrués', 22),
(3360, 'Blecua y Torres', 22),
(3361, 'Boltaña', 22),
(3362, 'Bonansa', 22),
(3363, 'Borau', 22),
(3364, 'Broto', 22),
(3365, 'Caldearenas', 22),
(3366, 'Campo', 22),
(3367, 'Camporrélls', 22),
(3368, 'Canal de Berdún', 22),
(3369, 'Candasnos', 22),
(3370, 'Canfranc', 22),
(3371, 'Capdesaso', 22),
(3372, 'Capella', 22),
(3373, 'Casbas de Huesca', 22),
(3374, 'Castejón de Monegros', 22),
(3375, 'Castejón de Sos', 22),
(3376, 'Castejón del Puente', 22),
(3377, 'Castelflorite', 22),
(3378, 'Castiello de Jaca', 22),
(3379, 'Castigaleu', 22),
(3380, 'Castillazuelo', 22),
(3381, 'Castillonroy', 22),
(3382, 'Chalamera', 22),
(3383, 'Chía', 22),
(3384, 'Chimillas', 22),
(3385, 'Colungo', 22),
(3386, 'Esplús', 22),
(3387, 'Estada', 22),
(3388, 'Estadilla', 22),
(3389, 'Estopiñán del Castillo', 22),
(3390, 'Fago', 22),
(3391, 'Fanlo', 22),
(3392, 'Fiscal', 22),
(3393, 'Fonz', 22),
(3394, 'Foradada del Toscar', 22),
(3395, 'Fraga', 22),
(3396, 'Fueva (La)', 22),
(3397, 'Gistaín', 22),
(3398, 'Grado (El)', 22),
(3399, 'Grañén', 22),
(3400, 'Graus', 22),
(3401, 'Gurrea de Gállego', 22),
(3402, 'Hoz de Jaca', 22),
(3403, 'Hoz y Costean', 22),
(3404, 'Huerto', 22),
(3405, 'Huesca', 22),
(3406, 'Ibieca', 22),
(3407, 'Igriés', 22),
(3408, 'Ilche', 22),
(3409, 'Isábena', 22),
(3410, 'Jaca', 22),
(3411, 'Jasa', 22),
(3412, 'Labuerda', 22),
(3413, 'Laluenga', 22),
(3414, 'Lalueza', 22),
(3415, 'Lanaja', 22),
(3416, 'Laperdiguera', 22),
(3417, 'Lascellas-Ponzano', 22),
(3418, 'Lascuarre', 22),
(3419, 'Laspaúles', 22),
(3420, 'Laspuña', 22),
(3421, 'Loarre', 22),
(3422, 'Loporzano', 22),
(3423, 'Loscorrales', 22),
(3424, 'Lupiñén-Ortilla', 22),
(3425, 'Monesma y Cajigar', 22),
(3426, 'Monflorite-Lascasas', 22),
(3427, 'Montanuy', 22),
(3428, 'Monzón', 22),
(3429, 'Naval', 22),
(3430, 'Novales', 22),
(3431, 'Nueno', 22),
(3432, 'Olvena', 22),
(3433, 'Ontiñena', 22),
(3434, 'Osso de Cinca', 22),
(3435, 'Palo', 22),
(3436, 'Panticosa', 22),
(3437, 'Peñalba', 22),
(3438, 'Peñas de Riglos (Las)', 22),
(3439, 'Peralta de Alcofea', 22),
(3440, 'Peralta de Calasanz', 22),
(3441, 'Peraltilla', 22),
(3442, 'Perarrúa', 22),
(3443, 'Pertusa', 22),
(3444, 'Piracés', 22),
(3445, 'Plan', 22),
(3446, 'Poleñino', 22),
(3447, 'Pozán de Vero', 22),
(3448, 'Puebla de Castro (La)', 22),
(3449, 'Puente de Montañana', 22),
(3450, 'Puente la Reina de Jaca', 22),
(3451, 'Puértolas', 22),
(3452, 'Pueyo de Araguás (El)', 22),
(3453, 'Pueyo de Santa Cruz', 22),
(3454, 'Quicena', 22),
(3455, 'Robres', 22),
(3456, 'Sabiñánigo', 22),
(3457, 'Sahún', 22),
(3458, 'Salas Altas', 22),
(3459, 'Salas Bajas', 22),
(3460, 'Salillas', 22),
(3461, 'Sallent de Gállego', 22),
(3462, 'San Esteban de Litera', 22),
(3463, 'San Juan de Plan', 22),
(3464, 'San Miguel del Cinca', 22),
(3465, 'Sangarrén', 22),
(3466, 'Santa Cilia', 22),
(3467, 'Santa Cruz de la Serós', 22),
(3468, 'Santa María de Dulcis', 22),
(3469, 'Santaliestra y San Quílez', 22),
(3470, 'Sariñena', 22),
(3471, 'Secastilla', 22),
(3472, 'Seira', 22),
(3473, 'Sena', 22),
(3474, 'Senés de Alcubierre', 22),
(3475, 'Sesa', 22),
(3476, 'Sesué', 22),
(3477, 'Siétamo', 22),
(3478, 'Sopeira', 22),
(3479, 'Sotonera (La)', 22),
(3480, 'Tamarite de Litera', 22),
(3481, 'Tardienta', 22),
(3482, 'Tella-Sin', 22),
(3483, 'Tierz', 22),
(3484, 'Tolva', 22),
(3485, 'Torla', 22),
(3486, 'Torralba de Aragón', 22),
(3487, 'Torre la Ribera', 22),
(3488, 'Torrente de Cinca', 22),
(3489, 'Torres de Alcanadre', 22),
(3490, 'Torres de Barbués', 22),
(3491, 'Tramaced', 22),
(3492, 'Valfarta', 22),
(3493, 'Valle de Bardají', 22),
(3494, 'Valle de Hecho', 22),
(3495, 'Valle de Lierp', 22),
(3496, 'Velilla de Cinca', 22),
(3497, 'Vencillón', 22),
(3498, 'Veracruz', 22),
(3499, 'Viacamp y Litera', 22),
(3500, 'Vicién', 22),
(3501, 'Villanova', 22),
(3502, 'Villanúa', 22),
(3503, 'Villanueva de Sigena', 22),
(3504, 'Yebra de Basa', 22),
(3505, 'Yésero', 22),
(3506, 'Zaidín', 22),
(3507, 'Albanchez de Mágina', 23),
(3508, 'Alcalá la Real', 23),
(3509, 'Alcaudete', 23),
(3510, 'Aldeaquemada', 23),
(3511, 'Andújar', 23),
(3512, 'Arjona', 23),
(3513, 'Arjonilla', 23),
(3514, 'Arquillos', 23),
(3515, 'Arroyo del Ojanco', 23),
(3516, 'Baeza', 23),
(3517, 'Bailén', 23),
(3518, 'Baños de la Encina', 23),
(3519, 'Beas de Segura', 23),
(3520, 'Bedmar y Garcíez', 23),
(3521, 'Begíjar', 23),
(3522, 'Bélmez de la Moraleda', 23),
(3523, 'Benatae', 23),
(3524, 'Cabra del Santo Cristo', 23),
(3525, 'Cambil', 23),
(3526, 'Campillo de Arenas', 23),
(3527, 'Canena', 23),
(3528, 'Carboneros', 23),
(3529, 'Cárcheles', 23),
(3530, 'Carolina (La)', 23),
(3531, 'Castellar', 23),
(3532, 'Castillo de Locubín', 23),
(3533, 'Cazalilla', 23),
(3534, 'Cazorla', 23),
(3535, 'Chiclana de Segura', 23),
(3536, 'Chilluévar', 23),
(3537, 'Escañuela', 23),
(3538, 'Espelúy', 23),
(3539, 'Frailes', 23),
(3540, 'Fuensanta de Martos', 23),
(3541, 'Fuerte del Rey', 23),
(3542, 'Génave', 23),
(3543, 'Guardia de Jaén (La)', 23),
(3544, 'Guarromán', 23),
(3545, 'Higuera de Calatrava', 23),
(3546, 'Hinojares', 23),
(3547, 'Hornos', 23),
(3548, 'Huelma', 23),
(3549, 'Huesa', 23),
(3550, 'Ibros', 23),
(3551, 'Iruela (La)', 23),
(3552, 'Iznatoraf', 23),
(3553, 'Jabalquinto', 23),
(3554, 'Jaén', 23),
(3555, 'Jamilena', 23),
(3556, 'Jimena', 23),
(3557, 'Jódar', 23),
(3558, 'Lahiguera', 23),
(3559, 'Larva', 23),
(3560, 'Linares', 23),
(3561, 'Lopera', 23),
(3562, 'Lupión', 23),
(3563, 'Mancha Real', 23),
(3564, 'Marmolejo', 23),
(3565, 'Martos', 23),
(3566, 'Mengíbar', 23),
(3567, 'Montizón', 23),
(3568, 'Navas de San Juan', 23),
(3569, 'Noalejo', 23),
(3570, 'Orcera', 23),
(3571, 'Peal de Becerro', 23),
(3572, 'Pegalajar', 23),
(3573, 'Porcuna', 23),
(3574, 'Pozo Alcón', 23),
(3575, 'Puente de Génave', 23),
(3576, 'Puerta de Segura (La)', 23),
(3577, 'Quesada', 23),
(3578, 'Rus', 23),
(3579, 'Sabiote', 23),
(3580, 'Santa Elena', 23),
(3581, 'Santiago de Calatrava', 23),
(3582, 'Santiago-Pontones', 23),
(3583, 'Santisteban del Puerto', 23),
(3584, 'Santo Tomé', 23),
(3585, 'Segura de la Sierra', 23),
(3586, 'Siles', 23),
(3587, 'Sorihuela del Guadalimar', 23),
(3588, 'Torre del Campo', 23),
(3589, 'Torreblascopedro', 23),
(3590, 'Torredonjimeno', 23),
(3591, 'Torreperogil', 23),
(3592, 'Torres', 23),
(3593, 'Torres de Albánchez', 23),
(3594, 'Úbeda', 23),
(3595, 'Valdepeñas de Jaén', 23),
(3596, 'Vilches', 23),
(3597, 'Villacarrillo', 23),
(3598, 'Villanueva de la Reina', 23),
(3599, 'Villanueva del Arzobispo', 23),
(3600, 'Villardompardo', 23),
(3601, 'Villares (Los)', 23),
(3602, 'Villarrodrigo', 23),
(3603, 'Villatorres', 23),
(3604, 'Acebedo', 24),
(3605, 'Algadefe', 24),
(3606, 'Alija del Infantado', 24),
(3607, 'Almanza', 24),
(3608, 'Antigua (La)', 24),
(3609, 'Ardón', 24),
(3610, 'Arganza', 24),
(3611, 'Astorga', 24),
(3612, 'Balboa', 24),
(3613, 'Bañeza (La)', 24),
(3614, 'Barjas', 24),
(3615, 'Barrios de Luna (Los)', 24),
(3616, 'Bembibre', 24),
(3617, 'Benavides', 24),
(3618, 'Benuza', 24),
(3619, 'Bercianos del Páramo', 24),
(3620, 'Bercianos del Real Camino', 24),
(3621, 'Berlanga del Bierzo', 24),
(3622, 'Boca de Huérgano', 24),
(3623, 'Boñar', 24),
(3624, 'Borrenes', 24),
(3625, 'Brazuelo', 24),
(3626, 'Burgo Ranero (El)', 24),
(3627, 'Burón', 24),
(3628, 'Bustillo del Páramo', 24),
(3629, 'Cabañas Raras', 24),
(3630, 'Cabreros del Río', 24),
(3631, 'Cabrillanes', 24),
(3632, 'Cacabelos', 24),
(3633, 'Calzada del Coto', 24),
(3634, 'Campazas', 24),
(3635, 'Campo de Villavidel', 24),
(3636, 'Camponaraya', 24),
(3637, 'Candín', 24),
(3638, 'Cármenes', 24),
(3639, 'Carracedelo', 24),
(3640, 'Carrizo', 24),
(3641, 'Carrocera', 24),
(3642, 'Carucedo', 24),
(3643, 'Castilfalé', 24),
(3644, 'Castrillo de Cabrera', 24),
(3645, 'Castrillo de la Valduerna', 24),
(3646, 'Castrocalbón', 24),
(3647, 'Castrocontrigo', 24),
(3648, 'Castropodame', 24),
(3649, 'Castrotierra de Valmadrigal', 24),
(3650, 'Cea', 24),
(3651, 'Cebanico', 24),
(3652, 'Cebrones del Río', 24),
(3653, 'Chozas de Abajo', 24),
(3654, 'Cimanes de la Vega', 24),
(3655, 'Cimanes del Tejar', 24),
(3656, 'Cistierna', 24),
(3657, 'Congosto', 24),
(3658, 'Corbillos de los Oteros', 24),
(3659, 'Corullón', 24),
(3660, 'Crémenes', 24),
(3661, 'Cuadros', 24),
(3662, 'Cubillas de los Oteros', 24),
(3663, 'Cubillas de Rueda', 24),
(3664, 'Cubillos del Sil', 24),
(3665, 'Destriana', 24),
(3666, 'Encinedo', 24),
(3667, 'Ercina (La)', 24),
(3668, 'Escobar de Campos', 24),
(3669, 'Fabero', 24),
(3670, 'Folgoso de la Ribera', 24),
(3671, 'Fresno de la Vega', 24),
(3672, 'Fuentes de Carbajal', 24),
(3673, 'Garrafe de Torío', 24),
(3674, 'Gordaliza del Pino', 24),
(3675, 'Gordoncillo', 24),
(3676, 'Gradefes', 24),
(3677, 'Grajal de Campos', 24),
(3678, 'Gusendos de los Oteros', 24),
(3679, 'Hospital de Órbigo', 24),
(3680, 'Igüeña', 24),
(3681, 'Izagre', 24),
(3682, 'Joarilla de las Matas', 24),
(3683, 'Laguna Dalga', 24),
(3684, 'Laguna de Negrillos', 24),
(3685, 'León', 24),
(3686, 'Llamas de la Ribera', 24),
(3687, 'Lucillo', 24),
(3688, 'Luyego', 24),
(3689, 'Magaz de Cepeda', 24),
(3690, 'Mansilla de las Mulas', 24),
(3691, 'Mansilla Mayor', 24),
(3692, 'Maraña', 24),
(3693, 'Matadeón de los Oteros', 24),
(3694, 'Matallana de Torío', 24),
(3695, 'Matanza', 24),
(3696, 'Molinaseca', 24),
(3697, 'Murias de Paredes', 24),
(3698, 'Noceda del Bierzo', 24),
(3699, 'Oencia', 24),
(3700, 'Omañas (Las)', 24),
(3701, 'Onzonilla', 24),
(3702, 'Oseja de Sajambre', 24),
(3703, 'Pajares de los Oteros', 24),
(3704, 'Palacios de la Valduerna', 24),
(3705, 'Palacios del Sil', 24),
(3706, 'Páramo del Sil', 24),
(3707, 'Peranzanes', 24),
(3708, 'Pobladura de Pelayo García', 24),
(3709, 'Pola de Gordón (La)', 24),
(3710, 'Ponferrada', 24),
(3711, 'Posada de Valdeón', 24),
(3712, 'Pozuelo del Páramo', 24),
(3713, 'Prado de la Guzpeña', 24),
(3714, 'Priaranza del Bierzo', 24),
(3715, 'Prioro', 24),
(3716, 'Puebla de Lillo', 24),
(3717, 'Puente de Domingo Flórez', 24),
(3718, 'Quintana del Castillo', 24),
(3719, 'Quintana del Marco', 24),
(3720, 'Quintana y Congosto', 24),
(3721, 'Regueras de Arriba', 24),
(3722, 'Reyero', 24),
(3723, 'Riaño', 24),
(3724, 'Riego de la Vega', 24),
(3725, 'Riello', 24),
(3726, 'Rioseco de Tapia', 24),
(3727, 'Robla (La)', 24),
(3728, 'Roperuelos del Páramo', 24),
(3729, 'Sabero', 24),
(3730, 'Sahagún', 24),
(3731, 'San Adrián del Valle', 24),
(3732, 'San Andrés del Rabanedo', 24),
(3733, 'San Cristóbal de la Polantera', 24),
(3734, 'San Emiliano', 24),
(3735, 'San Esteban de Nogales', 24),
(3736, 'San Justo de la Vega', 24),
(3737, 'San Millán de los Caballeros', 24),
(3738, 'San Pedro Bercianos', 24),
(3739, 'Sancedo', 24),
(3740, 'Santa Colomba de Curueño', 24),
(3741, 'Santa Colomba de Somoza', 24),
(3742, 'Santa Cristina de Valmadrigal', 24),
(3743, 'Santa Elena de Jamuz', 24),
(3744, 'Santa María de la Isla', 24),
(3745, 'Santa María de Ordás', 24),
(3746, 'Santa María del Monte de Cea', 24),
(3747, 'Santa María del Páramo', 24),
(3748, 'Santa Marina del Rey', 24),
(3749, 'Santas Martas', 24),
(3750, 'Santiago Millas', 24),
(3751, 'Santovenia de la Valdoncina', 24),
(3752, 'Sariegos', 24),
(3753, 'Sena de Luna', 24),
(3754, 'Sobrado', 24),
(3755, 'Soto de la Vega', 24),
(3756, 'Soto y Amío', 24),
(3757, 'Toral de los Guzmanes', 24),
(3758, 'Toreno', 24),
(3759, 'Torre del Bierzo', 24),
(3760, 'Trabadelo', 24),
(3761, 'Truchas', 24),
(3762, 'Turcia', 24),
(3763, 'Urdiales del Páramo', 24),
(3764, 'Val de San Lorenzo', 24),
(3765, 'Valdefresno', 24),
(3766, 'Valdefuentes del Páramo', 24),
(3767, 'Valdelugueros', 24),
(3768, 'Valdemora', 24),
(3769, 'Valdepiélago', 24),
(3770, 'Valdepolo', 24),
(3771, 'Valderas', 24),
(3772, 'Valderrey', 24),
(3773, 'Valderrueda', 24),
(3774, 'Valdesamario', 24),
(3775, 'Valdevimbre', 24),
(3776, 'Valencia de Don Juan', 24),
(3777, 'Vallecillo', 24),
(3778, 'Valverde de la Virgen', 24),
(3779, 'Valverde-Enrique', 24),
(3780, 'Vecilla (La)', 24),
(3781, 'Vega de Espinareda', 24),
(3782, 'Vega de Infanzones', 24),
(3783, 'Vega de Valcarce', 24),
(3784, 'Vegacervera', 24),
(3785, 'Vegaquemada', 24),
(3786, 'Vegas del Condado', 24),
(3787, 'Villablino', 24),
(3788, 'Villabraz', 24),
(3789, 'Villadangos del Páramo', 24),
(3790, 'Villadecanes', 24),
(3791, 'Villademor de la Vega', 24),
(3792, 'Villafranca del Bierzo', 24),
(3793, 'Villagatón', 24),
(3794, 'Villamandos', 24),
(3795, 'Villamanín', 24),
(3796, 'Villamañán', 24),
(3797, 'Villamartín de Don Sancho', 24),
(3798, 'Villamejil', 24),
(3799, 'Villamol', 24),
(3800, 'Villamontán de la Valduerna', 24),
(3801, 'Villamoratiel de las Matas', 24),
(3802, 'Villanueva de las Manzanas', 24),
(3803, 'Villaobispo de Otero', 24),
(3804, 'Villaornate y Castro', 24),
(3805, 'Villaquejida', 24),
(3806, 'Villaquilambre', 24),
(3807, 'Villarejo de Órbigo', 24),
(3808, 'Villares de Órbigo', 24),
(3809, 'Villasabariego', 24),
(3810, 'Villaselán', 24),
(3811, 'Villaturiel', 24),
(3812, 'Villazala', 24),
(3813, 'Villazanzo de Valderaduey', 24),
(3814, 'Zotes del Páramo', 24),
(3815, 'Abella de la Conca', 25),
(3816, 'Àger', 25),
(3817, 'Agramunt', 25),
(3818, 'Aitona', 25),
(3819, 'Alamús (Els)', 25),
(3820, 'Alàs i Cerc', 25),
(3821, 'Albagés (L'')', 25),
(3822, 'Albatàrrec', 25),
(3823, 'Albesa', 25),
(3824, 'Albi (L'')', 25),
(3825, 'Alcanó', 25),
(3826, 'Alcarràs', 25),
(3827, 'Alcoletge', 25),
(3828, 'Alfarràs', 25),
(3829, 'Alfés', 25),
(3830, 'Algerri', 25),
(3831, 'Alguaire', 25),
(3832, 'Alins', 25),
(3833, 'Almacelles', 25),
(3834, 'Almatret', 25),
(3835, 'Almenar', 25),
(3836, 'Alòs de Balaguer', 25);
INSERT INTO `municipio` (`id`, `nombre`, `provincia_id`) VALUES
(3837, 'Alpicat', 25),
(3838, 'Alt Àneu', 25),
(3839, 'Anglesola', 25),
(3840, 'Arbeca', 25),
(3841, 'Arres', 25),
(3842, 'Arsèguel', 25),
(3843, 'Artesa de Lleida', 25),
(3844, 'Artesa de Segre', 25),
(3845, 'Aspa', 25),
(3846, 'Avellanes i Santa Linya (Les)', 25),
(3847, 'Baix Pallars', 25),
(3848, 'Balaguer', 25),
(3849, 'Barbens', 25),
(3850, 'Baronia de Rialb (La)', 25),
(3851, 'Bassella', 25),
(3852, 'Bausen', 25),
(3853, 'Belianes', 25),
(3854, 'Bellaguarda', 25),
(3855, 'Bellcaire d''Urgell', 25),
(3856, 'Bell-lloc d''Urgell', 25),
(3857, 'Bellmunt d''Urgell', 25),
(3858, 'Bellpuig', 25),
(3859, 'Bellver de Cerdanya', 25),
(3860, 'Bellvís', 25),
(3861, 'Benavent de Segrià', 25),
(3862, 'Biosca', 25),
(3863, 'Bòrdes (Es)', 25),
(3864, 'Borges Blanques (Les)', 25),
(3865, 'Bossòst', 25),
(3866, 'Bovera', 25),
(3867, 'Cabanabona', 25),
(3868, 'Cabó', 25),
(3869, 'Camarasa', 25),
(3870, 'Canejan', 25),
(3871, 'Castell de Mur', 25),
(3872, 'Castellar de la Ribera', 25),
(3873, 'Castelldans', 25),
(3874, 'Castellnou de Seana', 25),
(3875, 'Castelló de Farfanya', 25),
(3876, 'Castellserà', 25),
(3877, 'Cava', 25),
(3878, 'Cervera', 25),
(3879, 'Cervià de les Garrigues', 25),
(3880, 'Ciutadilla', 25),
(3881, 'Clariana de Cardener', 25),
(3882, 'Cogul (El)', 25),
(3883, 'Coll de Nargó', 25),
(3884, 'Coma i la Pedra (La)', 25),
(3885, 'Conca de Dalt', 25),
(3886, 'Corbins', 25),
(3887, 'Cubells', 25),
(3888, 'Espluga Calba (L'')', 25),
(3889, 'Espot', 25),
(3890, 'Estamariu', 25),
(3891, 'Estaràs', 25),
(3892, 'Esterri d''Àneu', 25),
(3893, 'Esterri de Cardós', 25),
(3894, 'Farrera', 25),
(3895, 'Fígols i Alinyà', 25),
(3896, 'Floresta (La)', 25),
(3897, 'Fondarella', 25),
(3898, 'Foradada', 25),
(3899, 'Fuliola (La)', 25),
(3900, 'Fulleda', 25),
(3901, 'Gavet de la Conca', 25),
(3902, 'Gimenells i el Pla de la Font', 25),
(3903, 'Golmés', 25),
(3904, 'Gósol', 25),
(3905, 'Granadella (La)', 25),
(3906, 'Granja d''Escarp (La)', 25),
(3907, 'Granyanella', 25),
(3908, 'Granyena de les Garrigues', 25),
(3909, 'Granyena de Segarra', 25),
(3910, 'Guimerà', 25),
(3911, 'Guingueta d''Àneu (La)', 25),
(3912, 'Guissona', 25),
(3913, 'Guixers', 25),
(3914, 'Isona i Conca Dellà', 25),
(3915, 'Ivars de Noguera', 25),
(3916, 'Ivars d''Urgell', 25),
(3917, 'Ivorra', 25),
(3918, 'Josa i Tuixén', 25),
(3919, 'Juncosa', 25),
(3920, 'Juneda', 25),
(3921, 'Les', 25),
(3922, 'Linyola', 25),
(3923, 'Lladorre', 25),
(3924, 'Lladurs', 25),
(3925, 'Llardecans', 25),
(3926, 'Llavorsí', 25),
(3927, 'Lleida', 25),
(3928, 'Lles de Cerdanya', 25),
(3929, 'Llimiana', 25),
(3930, 'Llobera', 25),
(3931, 'Maials', 25),
(3932, 'Maldà', 25),
(3933, 'Massalcoreig', 25),
(3934, 'Massoteres', 25),
(3935, 'Menàrguens', 25),
(3936, 'Miralcamp', 25),
(3937, 'Mollerussa', 25),
(3938, 'Molsosa (La)', 25),
(3939, 'Montellà i Martinet', 25),
(3940, 'Montferrer i Castellbò', 25),
(3941, 'Montgai', 25),
(3942, 'Montoliu de Lleida', 25),
(3943, 'Montoliu de Segarra', 25),
(3944, 'Montornès de Segarra', 25),
(3945, 'Nalec', 25),
(3946, 'Naut Aran', 25),
(3947, 'Navès', 25),
(3948, 'Odèn', 25),
(3949, 'Oliana', 25),
(3950, 'Oliola', 25),
(3951, 'Olius', 25),
(3952, 'Oluges (Les)', 25),
(3953, 'Omellons (Els)', 25),
(3954, 'Omells de na Gaia (Els)', 25),
(3955, 'Organyà', 25),
(3956, 'Os de Balaguer', 25),
(3957, 'Ossó de Sió', 25),
(3958, 'Palau d''Anglesola (El)', 25),
(3959, 'Penelles', 25),
(3960, 'Peramola', 25),
(3961, 'Pinell de Solsonès', 25),
(3962, 'Pinós', 25),
(3963, 'Plans de Sió (Els)', 25),
(3964, 'Poal (El)', 25),
(3965, 'Pobla de Cérvoles (La)', 25),
(3966, 'Pobla de Segur (La)', 25),
(3967, 'Pont de Bar (El)', 25),
(3968, 'Pont de Suert (El)', 25),
(3969, 'Ponts', 25),
(3970, 'Portella (La)', 25),
(3971, 'Prats i Sansor', 25),
(3972, 'Preixana', 25),
(3973, 'Preixens', 25),
(3974, 'Prullans', 25),
(3975, 'Puiggròs', 25),
(3976, 'Puigverd d''Agramunt', 25),
(3977, 'Puigverd de Lleida', 25),
(3978, 'Rialp', 25),
(3979, 'Ribera d''Ondara', 25),
(3980, 'Ribera d''Urgellet', 25),
(3981, 'Riner', 25),
(3982, 'Riu de Cerdanya', 25),
(3983, 'Rosselló', 25),
(3984, 'Salàs de Pallars', 25),
(3985, 'Sanaüja', 25),
(3986, 'Sant Esteve de la Sarga', 25),
(3987, 'Sant Guim de Freixenet', 25),
(3988, 'Sant Guim de la Plana', 25),
(3989, 'Sant Llorenç de Morunys', 25),
(3990, 'Sant Martí de Riucorb', 25),
(3991, 'Sant Ramon', 25),
(3992, 'Sarroca de Bellera', 25),
(3993, 'Sarroca de Lleida', 25),
(3994, 'Senterada', 25),
(3995, 'Sentiu de Sió (La)', 25),
(3996, 'Seròs', 25),
(3997, 'Seu d''Urgell (La)', 25),
(3998, 'Sidamon', 25),
(3999, 'Soleràs (El)', 25),
(4000, 'Solsona', 25),
(4001, 'Soriguera', 25),
(4002, 'Sort', 25),
(4003, 'Soses', 25),
(4004, 'Sudanell', 25),
(4005, 'Sunyer', 25),
(4006, 'Talarn', 25),
(4007, 'Talavera', 25),
(4008, 'Tàrrega', 25),
(4009, 'Tarrés', 25),
(4010, 'Tarroja de Segarra', 25),
(4011, 'Térmens', 25),
(4012, 'Tírvia', 25),
(4013, 'Tiurana', 25),
(4014, 'Torà', 25),
(4015, 'Torms (Els)', 25),
(4016, 'Tornabous', 25),
(4017, 'Torre de Cabdella (La)', 25),
(4018, 'Torrebesses', 25),
(4019, 'Torrefarrera', 25),
(4020, 'Torrefeta i Florejacs', 25),
(4021, 'Torregrossa', 25),
(4022, 'Torrelameu', 25),
(4023, 'Torres de Segre', 25),
(4024, 'Torre-serona', 25),
(4025, 'Tremp', 25),
(4026, 'Vall de Boí (La)', 25),
(4027, 'Vall de Cardós', 25),
(4028, 'Vallbona de les Monges', 25),
(4029, 'Vallfogona de Balaguer', 25),
(4030, 'Valls d''Aguilar (Les)', 25),
(4031, 'Valls de Valira (Les)', 25),
(4032, 'Vansa i Fórnols (La)', 25),
(4033, 'Verdú', 25),
(4034, 'Vielha e Mijaran', 25),
(4035, 'Vilagrassa', 25),
(4036, 'Vilaller', 25),
(4037, 'Vilamòs', 25),
(4038, 'Vilanova de Bellpuig', 25),
(4039, 'Vilanova de la Barca', 25),
(4040, 'Vilanova de l''Aguda', 25),
(4041, 'Vilanova de Meià', 25),
(4042, 'Vilanova de Segrià', 25),
(4043, 'Vila-sana', 25),
(4044, 'Vilosell (El)', 25),
(4045, 'Vinaixa', 25),
(4046, 'Ábalos', 26),
(4047, 'Agoncillo', 26),
(4048, 'Aguilar del Río Alhama', 26),
(4049, 'Ajamil', 26),
(4050, 'Albelda de Iregua', 26),
(4051, 'Alberite', 26),
(4052, 'Alcanadre', 26),
(4053, 'Aldeanueva de Ebro', 26),
(4054, 'Alesanco', 26),
(4055, 'Alesón', 26),
(4056, 'Alfaro', 26),
(4057, 'Almarza de Cameros', 26),
(4058, 'Anguciana', 26),
(4059, 'Anguiano', 26),
(4060, 'Arenzana de Abajo', 26),
(4061, 'Arenzana de Arriba', 26),
(4062, 'Arnedillo', 26),
(4063, 'Arnedo', 26),
(4064, 'Arrúbal', 26),
(4065, 'Ausejo', 26),
(4066, 'Autol', 26),
(4067, 'Azofra', 26),
(4068, 'Badarán', 26),
(4069, 'Bañares', 26),
(4070, 'Baños de Río Tobía', 26),
(4071, 'Baños de Rioja', 26),
(4072, 'Berceo', 26),
(4073, 'Bergasa', 26),
(4074, 'Bergasillas Bajera', 26),
(4075, 'Bezares', 26),
(4076, 'Bobadilla', 26),
(4077, 'Brieva de Cameros', 26),
(4078, 'Briñas', 26),
(4079, 'Briones', 26),
(4080, 'Cabezón de Cameros', 26),
(4081, 'Calahorra', 26),
(4082, 'Camprovín', 26),
(4083, 'Canales de la Sierra', 26),
(4084, 'Canillas de Río Tuerto', 26),
(4085, 'Cañas', 26),
(4086, 'Cárdenas', 26),
(4087, 'Casalarreina', 26),
(4088, 'Castañares de Rioja', 26),
(4089, 'Castroviejo', 26),
(4090, 'Cellorigo', 26),
(4091, 'Cenicero', 26),
(4092, 'Cervera del Río Alhama', 26),
(4093, 'Cidamón', 26),
(4094, 'Cihuri', 26),
(4095, 'Cirueña', 26),
(4096, 'Clavijo', 26),
(4097, 'Cordovín', 26),
(4098, 'Corera', 26),
(4099, 'Cornago', 26),
(4100, 'Corporales', 26),
(4101, 'Cuzcurrita de Río Tirón', 26),
(4102, 'Daroca de Rioja', 26),
(4103, 'Enciso', 26),
(4104, 'Entrena', 26),
(4105, 'Estollo', 26),
(4106, 'Ezcaray', 26),
(4107, 'Foncea', 26),
(4108, 'Fonzaleche', 26),
(4109, 'Fuenmayor', 26),
(4110, 'Galbárruli', 26),
(4111, 'Galilea', 26),
(4112, 'Gallinero de Cameros', 26),
(4113, 'Gimileo', 26),
(4114, 'Grañón', 26),
(4115, 'Grávalos', 26),
(4116, 'Haro', 26),
(4117, 'Herce', 26),
(4118, 'Herramélluri', 26),
(4119, 'Hervías', 26),
(4120, 'Hormilla', 26),
(4121, 'Hormilleja', 26),
(4122, 'Hornillos de Cameros', 26),
(4123, 'Hornos de Moncalvillo', 26),
(4124, 'Huércanos', 26),
(4125, 'Igea', 26),
(4126, 'Jalón de Cameros', 26),
(4127, 'Laguna de Cameros', 26),
(4128, 'Lagunilla del Jubera', 26),
(4129, 'Lardero', 26),
(4130, 'Ledesma de la Cogolla', 26),
(4131, 'Leiva', 26),
(4132, 'Leza de Río Leza', 26),
(4133, 'Logroño', 26),
(4134, 'Lumbreras', 26),
(4135, 'Manjarrés', 26),
(4136, 'Mansilla de la Sierra', 26),
(4137, 'Manzanares de Rioja', 26),
(4138, 'Matute', 26),
(4139, 'Medrano', 26),
(4140, 'Munilla', 26),
(4141, 'Murillo de Río Leza', 26),
(4142, 'Muro de Aguas', 26),
(4143, 'Muro en Cameros', 26),
(4144, 'Nájera', 26),
(4145, 'Nalda', 26),
(4146, 'Navajún', 26),
(4147, 'Navarrete', 26),
(4148, 'Nestares', 26),
(4149, 'Nieva de Cameros', 26),
(4150, 'Ochánduri', 26),
(4151, 'Ocón', 26),
(4152, 'Ojacastro', 26),
(4153, 'Ollauri', 26),
(4154, 'Ortigosa de Cameros', 26),
(4155, 'Pazuengos', 26),
(4156, 'Pedroso', 26),
(4157, 'Pinillos', 26),
(4158, 'Pradejón', 26),
(4159, 'Pradillo', 26),
(4160, 'Préjano', 26),
(4161, 'Quel', 26),
(4162, 'Rabanera', 26),
(4163, 'Rasillo de Cameros (El)', 26),
(4164, 'Redal (El)', 26),
(4165, 'Ribafrecha', 26),
(4166, 'Rincón de Soto', 26),
(4167, 'Robres del Castillo', 26),
(4168, 'Rodezno', 26),
(4169, 'Sajazarra', 26),
(4170, 'San Asensio', 26),
(4171, 'San Millán de la Cogolla', 26),
(4172, 'San Millán de Yécora', 26),
(4173, 'San Román de Cameros', 26),
(4174, 'San Torcuato', 26),
(4175, 'San Vicente de la Sonsierra', 26),
(4176, 'Santa Coloma', 26),
(4177, 'Santa Engracia del Jubera', 26),
(4178, 'Santa Eulalia Bajera', 26),
(4179, 'Santo Domingo de la Calzada', 26),
(4180, 'Santurde de Rioja', 26),
(4181, 'Santurdejo', 26),
(4182, 'Sojuela', 26),
(4183, 'Sorzano', 26),
(4184, 'Sotés', 26),
(4185, 'Soto en Cameros', 26),
(4186, 'Terroba', 26),
(4187, 'Tirgo', 26),
(4188, 'Tobía', 26),
(4189, 'Tormantos', 26),
(4190, 'Torre en Cameros', 26),
(4191, 'Torrecilla en Cameros', 26),
(4192, 'Torrecilla sobre Alesanco', 26),
(4193, 'Torremontalbo', 26),
(4194, 'Treviana', 26),
(4195, 'Tricio', 26),
(4196, 'Tudelilla', 26),
(4197, 'Uruñuela', 26),
(4198, 'Valdemadera', 26),
(4199, 'Valgañón', 26),
(4200, 'Ventosa', 26),
(4201, 'Ventrosa', 26),
(4202, 'Viguera', 26),
(4203, 'Villalba de Rioja', 26),
(4204, 'Villalobar de Rioja', 26),
(4205, 'Villamediana de Iregua', 26),
(4206, 'Villanueva de Cameros', 26),
(4207, 'Villar de Arnedo (El)', 26),
(4208, 'Villar de Torre', 26),
(4209, 'Villarejo', 26),
(4210, 'Villarroya', 26),
(4211, 'Villarta-Quintana', 26),
(4212, 'Villavelayo', 26),
(4213, 'Villaverde de Rioja', 26),
(4214, 'Villoslada de Cameros', 26),
(4215, 'Viniegra de Abajo', 26),
(4216, 'Viniegra de Arriba', 26),
(4217, 'Zarratón', 26),
(4218, 'Zarzosa', 26),
(4219, 'Zorraquín', 26),
(4220, 'Abadín', 27),
(4221, 'Alfoz', 27),
(4222, 'Antas de Ulla', 27),
(4223, 'Baleira', 27),
(4224, 'Baralla', 27),
(4225, 'Barreiros', 27),
(4226, 'Becerreá', 27),
(4227, 'Begonte', 27),
(4228, 'Bóveda', 27),
(4229, 'Burela', 27),
(4230, 'Carballedo', 27),
(4231, 'Castro de Rei', 27),
(4232, 'Castroverde', 27),
(4233, 'Cervantes', 27),
(4234, 'Cervo', 27),
(4235, 'Chantada', 27),
(4236, 'Corgo (O)', 27),
(4237, 'Cospeito', 27),
(4238, 'Folgoso do Courel', 27),
(4239, 'Fonsagrada (A)', 27),
(4240, 'Foz', 27),
(4241, 'Friol', 27),
(4242, 'Guitiriz', 27),
(4243, 'Guntín', 27),
(4244, 'Incio (O)', 27),
(4245, 'Láncara', 27),
(4246, 'Lourenzá', 27),
(4247, 'Lugo', 27),
(4248, 'Meira', 27),
(4249, 'Mondoñedo', 27),
(4250, 'Monforte de Lemos', 27),
(4251, 'Monterroso', 27),
(4252, 'Muras', 27),
(4253, 'Navia de Suarna', 27),
(4254, 'Negueira de Muñiz', 27),
(4255, 'Nogais (As)', 27),
(4256, 'Ourol', 27),
(4257, 'Outeiro de Rei', 27),
(4258, 'Palas de Rei', 27),
(4259, 'Pantón', 27),
(4260, 'Paradela', 27),
(4261, 'Páramo (O)', 27),
(4262, 'Pastoriza (A)', 27),
(4263, 'Pedrafita do Cebreiro', 27),
(4264, 'Pobra do Brollón (A)', 27),
(4265, 'Pol', 27),
(4266, 'Pontenova (A)', 27),
(4267, 'Portomarín', 27),
(4268, 'Quiroga', 27),
(4269, 'Rábade', 27),
(4270, 'Ribadeo', 27),
(4271, 'Ribas de Sil', 27),
(4272, 'Ribeira de Piquín', 27),
(4273, 'Riotorto', 27),
(4274, 'Samos', 27),
(4275, 'Sarria', 27),
(4276, 'Saviñao (O)', 27),
(4277, 'Sober', 27),
(4278, 'Taboada', 27),
(4279, 'Trabada', 27),
(4280, 'Triacastela', 27),
(4281, 'Valadouro (O)', 27),
(4282, 'Vicedo (O)', 27),
(4283, 'Vilalba', 27),
(4284, 'Viveiro', 27),
(4285, 'Xermade', 27),
(4286, 'Xove', 27),
(4287, 'Acebeda (La)', 28),
(4288, 'Ajalvir', 28),
(4289, 'Alameda del Valle', 28),
(4290, 'Álamo (El)', 28),
(4291, 'Alcalá de Henares', 28),
(4292, 'Alcobendas', 28),
(4293, 'Alcorcón', 28),
(4294, 'Aldea del Fresno', 28),
(4295, 'Algete', 28),
(4296, 'Alpedrete', 28),
(4297, 'Ambite', 28),
(4298, 'Anchuelo', 28),
(4299, 'Aranjuez', 28),
(4300, 'Arganda del Rey', 28),
(4301, 'Arroyomolinos', 28),
(4302, 'Atazar (El)', 28),
(4303, 'Batres', 28),
(4304, 'Becerril de la Sierra', 28),
(4305, 'Belmonte de Tajo', 28),
(4306, 'Berrueco (El)', 28),
(4307, 'Berzosa del Lozoya', 28),
(4308, 'Boadilla del Monte', 28),
(4309, 'Boalo (El)', 28),
(4310, 'Braojos', 28),
(4311, 'Brea de Tajo', 28),
(4312, 'Brunete', 28),
(4313, 'Buitrago del Lozoya', 28),
(4314, 'Bustarviejo', 28),
(4315, 'Cabanillas de la Sierra', 28),
(4316, 'Cabrera (La)', 28),
(4317, 'Cadalso de los Vidrios', 28),
(4318, 'Camarma de Esteruelas', 28),
(4319, 'Campo Real', 28),
(4320, 'Canencia', 28),
(4321, 'Carabaña', 28),
(4322, 'Casarrubuelos', 28),
(4323, 'Cenicientos', 28),
(4324, 'Cercedilla', 28),
(4325, 'Cervera de Buitrago', 28),
(4326, 'Chapinería', 28),
(4327, 'Chinchón', 28),
(4328, 'Ciempozuelos', 28),
(4329, 'Cobeña', 28),
(4330, 'Collado Mediano', 28),
(4331, 'Collado Villalba', 28),
(4332, 'Colmenar de Oreja', 28),
(4333, 'Colmenar del Arroyo', 28),
(4334, 'Colmenar Viejo', 28),
(4335, 'Colmenarejo', 28),
(4336, 'Corpa', 28),
(4337, 'Coslada', 28),
(4338, 'Cubas de la Sagra', 28),
(4339, 'Daganzo de Arriba', 28),
(4340, 'Escorial (El)', 28),
(4341, 'Estremera', 28),
(4342, 'Fresnedillas de la Oliva', 28),
(4343, 'Fresno de Torote', 28),
(4344, 'Fuenlabrada', 28),
(4345, 'Fuente el Saz de Jarama', 28),
(4346, 'Fuentidueña de Tajo', 28),
(4347, 'Galapagar', 28),
(4348, 'Garganta de los Montes', 28),
(4349, 'Gargantilla del Lozoya y Pinilla de Buitrago', 28),
(4350, 'Gascones', 28),
(4351, 'Getafe', 28),
(4352, 'Griñón', 28),
(4353, 'Guadalix de la Sierra', 28),
(4354, 'Guadarrama', 28),
(4355, 'Hiruela (La)', 28),
(4356, 'Horcajo de la Sierra', 28),
(4357, 'Horcajuelo de la Sierra', 28),
(4358, 'Hoyo de Manzanares', 28),
(4359, 'Humanes de Madrid', 28),
(4360, 'Leganés', 28),
(4361, 'Loeches', 28),
(4362, 'Lozoya', 28),
(4363, 'Lozoyuela-Navas-Sieteiglesias', 28),
(4364, 'Madarcos', 28),
(4365, 'Madrid', 28),
(4366, 'Majadahonda', 28),
(4367, 'Manzanares el Real', 28),
(4368, 'Meco', 28),
(4369, 'Mejorada del Campo', 28),
(4370, 'Miraflores de la Sierra', 28),
(4371, 'Molar (El)', 28),
(4372, 'Molinos (Los)', 28),
(4373, 'Montejo de la Sierra', 28),
(4374, 'Moraleja de Enmedio', 28),
(4375, 'Moralzarzal', 28),
(4376, 'Morata de Tajuña', 28),
(4377, 'Móstoles', 28),
(4378, 'Navacerrada', 28),
(4379, 'Navalafuente', 28),
(4380, 'Navalagamella', 28),
(4381, 'Navalcarnero', 28),
(4382, 'Navarredonda y San Mamés', 28),
(4383, 'Navas del Rey', 28),
(4384, 'Nuevo Baztán', 28),
(4385, 'Olmeda de las Fuentes', 28),
(4386, 'Orusco de Tajuña', 28),
(4387, 'Paracuellos de Jarama', 28),
(4388, 'Parla', 28),
(4389, 'Patones', 28),
(4390, 'Pedrezuela', 28),
(4391, 'Pelayos de la Presa', 28),
(4392, 'Perales de Tajuña', 28),
(4393, 'Pezuela de las Torres', 28),
(4394, 'Pinilla del Valle', 28),
(4395, 'Pinto', 28),
(4396, 'Piñuécar-Gandullas', 28),
(4397, 'Pozuelo de Alarcón', 28),
(4398, 'Pozuelo del Rey', 28),
(4399, 'Prádena del Rincón', 28),
(4400, 'Puebla de la Sierra', 28),
(4401, 'Puentes Viejas', 28),
(4402, 'Quijorna', 28),
(4403, 'Rascafría', 28),
(4404, 'Redueña', 28),
(4405, 'Ribatejada', 28),
(4406, 'Rivas-Vaciamadrid', 28),
(4407, 'Robledillo de la Jara', 28),
(4408, 'Robledo de Chavela', 28),
(4409, 'Robregordo', 28),
(4410, 'Rozas de Madrid (Las)', 28),
(4411, 'Rozas de Puerto Real', 28),
(4412, 'San Agustín del Guadalix', 28),
(4413, 'San Fernando de Henares', 28),
(4414, 'San Lorenzo de El Escorial', 28),
(4415, 'San Martín de la Vega', 28),
(4416, 'San Martín de Valdeiglesias', 28),
(4417, 'San Sebastián de los Reyes', 28),
(4418, 'Santa María de la Alameda', 28),
(4419, 'Santorcaz', 28),
(4420, 'Santos de la Humosa (Los)', 28),
(4421, 'Serna del Monte (La)', 28),
(4422, 'Serranillos del Valle', 28),
(4423, 'Sevilla la Nueva', 28),
(4424, 'Somosierra', 28),
(4425, 'Soto del Real', 28),
(4426, 'Talamanca de Jarama', 28),
(4427, 'Tielmes', 28),
(4428, 'Titulcia', 28),
(4429, 'Torrejón de Ardoz', 28),
(4430, 'Torrejón de la Calzada', 28),
(4431, 'Torrejón de Velasco', 28),
(4432, 'Torrelaguna', 28),
(4433, 'Torrelodones', 28),
(4434, 'Torremocha de Jarama', 28),
(4435, 'Torres de la Alameda', 28),
(4436, 'Tres Cantos', 28),
(4437, 'Valdaracete', 28),
(4438, 'Valdeavero', 28),
(4439, 'Valdelaguna', 28),
(4440, 'Valdemanco', 28),
(4441, 'Valdemaqueda', 28),
(4442, 'Valdemorillo', 28),
(4443, 'Valdemoro', 28),
(4444, 'Valdeolmos-Alalpardo', 28),
(4445, 'Valdepiélagos', 28),
(4446, 'Valdetorres de Jarama', 28),
(4447, 'Valdilecha', 28),
(4448, 'Valverde de Alcalá', 28),
(4449, 'Velilla de San Antonio', 28),
(4450, 'Vellón (El)', 28),
(4451, 'Venturada', 28),
(4452, 'Villa del Prado', 28),
(4453, 'Villaconejos', 28),
(4454, 'Villalbilla', 28),
(4455, 'Villamanrique de Tajo', 28),
(4456, 'Villamanta', 28),
(4457, 'Villamantilla', 28),
(4458, 'Villanueva de la Cañada', 28),
(4459, 'Villanueva de Perales', 28),
(4460, 'Villanueva del Pardillo', 28),
(4461, 'Villar del Olmo', 28),
(4462, 'Villarejo de Salvanés', 28),
(4463, 'Villaviciosa de Odón', 28),
(4464, 'Villavieja del Lozoya', 28),
(4465, 'Zarzalejo', 28),
(4466, 'Alameda', 29),
(4467, 'Alcaucín', 29),
(4468, 'Alfarnate', 29),
(4469, 'Alfarnatejo', 29),
(4470, 'Algarrobo', 29),
(4471, 'Algatocín', 29),
(4472, 'Alhaurín de la Torre', 29),
(4473, 'Alhaurín el Grande', 29),
(4474, 'Almáchar', 29),
(4475, 'Almargen', 29),
(4476, 'Almogía', 29),
(4477, 'Álora', 29),
(4478, 'Alozaina', 29),
(4479, 'Alpandeire', 29),
(4480, 'Antequera', 29),
(4481, 'Árchez', 29),
(4482, 'Archidona', 29),
(4483, 'Ardales', 29),
(4484, 'Arenas', 29),
(4485, 'Arriate', 29),
(4486, 'Atajate', 29),
(4487, 'Benadalid', 29),
(4488, 'Benahavís', 29),
(4489, 'Benalauría', 29),
(4490, 'Benalmádena', 29),
(4491, 'Benamargosa', 29),
(4492, 'Benamocarra', 29),
(4493, 'Benaoján', 29),
(4494, 'Benarrabá', 29),
(4495, 'Borge (El)', 29),
(4496, 'Burgo (El)', 29),
(4497, 'Campillos', 29),
(4498, 'Canillas de Aceituno', 29),
(4499, 'Canillas de Albaida', 29),
(4500, 'Cañete la Real', 29),
(4501, 'Carratraca', 29),
(4502, 'Cartajima', 29),
(4503, 'Cártama', 29),
(4504, 'Casabermeja', 29),
(4505, 'Casarabonela', 29),
(4506, 'Casares', 29),
(4507, 'Coín', 29),
(4508, 'Colmenar', 29),
(4509, 'Comares', 29),
(4510, 'Cómpeta', 29),
(4511, 'Cortes de la Frontera', 29),
(4512, 'Cuevas Bajas', 29),
(4513, 'Cuevas de San Marcos', 29),
(4514, 'Cuevas del Becerro', 29),
(4515, 'Cútar', 29),
(4516, 'Estepona', 29),
(4517, 'Faraján', 29),
(4518, 'Frigiliana', 29),
(4519, 'Fuengirola', 29),
(4520, 'Fuente de Piedra', 29),
(4521, 'Gaucín', 29),
(4522, 'Genalguacil', 29),
(4523, 'Guaro', 29),
(4524, 'Humilladero', 29),
(4525, 'Igualeja', 29),
(4526, 'Istán', 29),
(4527, 'Iznate', 29),
(4528, 'Jimera de Líbar', 29),
(4529, 'Jubrique', 29),
(4530, 'Júzcar', 29),
(4531, 'Macharaviaya', 29),
(4532, 'Málaga', 29),
(4533, 'Manilva', 29),
(4534, 'Marbella', 29),
(4535, 'Mijas', 29),
(4536, 'Moclinejo', 29),
(4537, 'Mollina', 29),
(4538, 'Monda', 29),
(4539, 'Montejaque', 29),
(4540, 'Nerja', 29),
(4541, 'Ojén', 29),
(4542, 'Parauta', 29),
(4543, 'Periana', 29),
(4544, 'Pizarra', 29),
(4545, 'Pujerra', 29),
(4546, 'Rincón de la Victoria', 29),
(4547, 'Riogordo', 29),
(4548, 'Ronda', 29),
(4549, 'Salares', 29),
(4550, 'Sayalonga', 29),
(4551, 'Sedella', 29),
(4552, 'Sierra de Yeguas', 29),
(4553, 'Teba', 29),
(4554, 'Tolox', 29),
(4555, 'Torremolinos', 29),
(4556, 'Torrox', 29),
(4557, 'Totalán', 29),
(4558, 'Valle de Abdalajís', 29),
(4559, 'Vélez-Málaga', 29),
(4560, 'Villanueva de Algaidas', 29),
(4561, 'Villanueva de Tapia', 29),
(4562, 'Villanueva del Rosario', 29),
(4563, 'Villanueva del Trabuco', 29),
(4564, 'Viñuela', 29),
(4565, 'Yunquera', 29),
(4566, 'Abanilla', 30),
(4567, 'Abarán', 30),
(4568, 'Águilas', 30),
(4569, 'Albudeite', 30),
(4570, 'Alcantarilla', 30),
(4571, 'Alcázares (Los)', 30),
(4572, 'Aledo', 30),
(4573, 'Alguazas', 30),
(4574, 'Alhama de Murcia', 30),
(4575, 'Archena', 30),
(4576, 'Beniel', 30),
(4577, 'Blanca', 30),
(4578, 'Bullas', 30),
(4579, 'Calasparra', 30),
(4580, 'Campos del Río', 30),
(4581, 'Caravaca de la Cruz', 30),
(4582, 'Cartagena', 30),
(4583, 'Cehegín', 30),
(4584, 'Ceutí', 30),
(4585, 'Cieza', 30),
(4586, 'Fortuna', 30),
(4587, 'Fuente Álamo de Murcia', 30),
(4588, 'Jumilla', 30),
(4589, 'Librilla', 30),
(4590, 'Lorca', 30),
(4591, 'Lorquí', 30),
(4592, 'Mazarrón', 30),
(4593, 'Molina de Segura', 30),
(4594, 'Moratalla', 30),
(4595, 'Mula', 30),
(4596, 'Murcia', 30),
(4597, 'Ojós', 30),
(4598, 'Pliego', 30),
(4599, 'Puerto Lumbreras', 30),
(4600, 'Ricote', 30),
(4601, 'San Javier', 30),
(4602, 'San Pedro del Pinatar', 30),
(4603, 'Santomera', 30),
(4604, 'Torre-Pacheco', 30),
(4605, 'Torres de Cotillas (Las)', 30),
(4606, 'Totana', 30),
(4607, 'Ulea', 30),
(4608, 'Unión (La)', 30),
(4609, 'Villanueva del Río Segura', 30),
(4610, 'Yecla', 30),
(4611, 'Abáigar', 31),
(4612, 'Abárzuza', 31),
(4613, 'Abaurregaina/Abaurrea Alta', 31),
(4614, 'Abaurrepea/Abaurrea Baja', 31),
(4615, 'Aberin', 31),
(4616, 'Ablitas', 31),
(4617, 'Adiós', 31),
(4618, 'Aguilar de Codés', 31),
(4619, 'Aibar/Oibar', 31),
(4620, 'Allín', 31),
(4621, 'Allo', 31),
(4622, 'Altsasu/Alsasua', 31),
(4623, 'Améscoa Baja', 31),
(4624, 'Ancín', 31),
(4625, 'Andosilla', 31),
(4626, 'Ansoáin', 31),
(4627, 'Anue', 31),
(4628, 'Añorbe', 31),
(4629, 'Aoiz/Agoitz', 31),
(4630, 'Araitz', 31),
(4631, 'Arakil', 31),
(4632, 'Aranarache', 31),
(4633, 'Aranguren', 31),
(4634, 'Arano', 31),
(4635, 'Arantza', 31),
(4636, 'Aras', 31),
(4637, 'Arbizu', 31),
(4638, 'Arce/Artzi', 31),
(4639, 'Arcos (Los)', 31),
(4640, 'Arellano', 31),
(4641, 'Areso', 31),
(4642, 'Arguedas', 31),
(4643, 'Aria', 31),
(4644, 'Aribe', 31),
(4645, 'Armañanzas', 31),
(4646, 'Arróniz', 31),
(4647, 'Arruazu', 31),
(4648, 'Artajona', 31),
(4649, 'Artazu', 31),
(4650, 'Atez', 31),
(4651, 'Auritz/Burguete', 31),
(4652, 'Ayegui', 31),
(4653, 'Azagra', 31),
(4654, 'Azuelo', 31),
(4655, 'Bakaiku', 31),
(4656, 'Barañain', 31),
(4657, 'Barásoain', 31),
(4658, 'Barbarin', 31),
(4659, 'Bargota', 31),
(4660, 'Barillas', 31),
(4661, 'Basaburua', 31),
(4662, 'Baztan', 31),
(4663, 'Beintza-Labaien', 31),
(4664, 'Beire', 31),
(4665, 'Belascoáin', 31),
(4666, 'Bera/Vera de Bidasoa', 31),
(4667, 'Berbinzana', 31),
(4668, 'Beriáin', 31),
(4669, 'Berrioplano', 31),
(4670, 'Berriozar', 31),
(4671, 'Bertizarana', 31),
(4672, 'Betelu', 31),
(4673, 'Bidaurreta', 31),
(4674, 'Biurrun-Olcoz', 31),
(4675, 'Buñuel', 31),
(4676, 'Burgui/Burgi', 31),
(4677, 'Burlada/Burlata', 31),
(4678, 'Busto (El)', 31),
(4679, 'Cabanillas', 31),
(4680, 'Cabredo', 31),
(4681, 'Cadreita', 31),
(4682, 'Caparroso', 31),
(4683, 'Cárcar', 31),
(4684, 'Carcastillo', 31),
(4685, 'Cascante', 31),
(4686, 'Cáseda', 31),
(4687, 'Castejón', 31),
(4688, 'Castillonuevo', 31),
(4689, 'Cendea de Olza/Oltza Zendea', 31),
(4690, 'Cintruénigo', 31),
(4691, 'Cirauqui', 31),
(4692, 'Ciriza', 31),
(4693, 'Cizur', 31),
(4694, 'Corella', 31),
(4695, 'Cortes', 31),
(4696, 'Desojo', 31),
(4697, 'Dicastillo', 31),
(4698, 'Donamaria', 31),
(4699, 'Doneztebe/Santesteban', 31),
(4700, 'Echarri', 31),
(4701, 'Egüés', 31),
(4702, 'Elgorriaga', 31),
(4703, 'Enériz', 31),
(4704, 'Eratsun', 31),
(4705, 'Ergoiena', 31),
(4706, 'Erro', 31),
(4707, 'Eslava', 31),
(4708, 'Esparza de Salazar/Espartza Zaraitzu', 31),
(4709, 'Espronceda', 31),
(4710, 'Estella/Lizarra', 31),
(4711, 'Esteribar', 31),
(4712, 'Etayo', 31),
(4713, 'Etxalar', 31),
(4714, 'Etxarri-Aranatz', 31),
(4715, 'Etxauri', 31),
(4716, 'Eulate', 31),
(4717, 'Ezcabarte', 31),
(4718, 'Ezcároz/Ezkaroze', 31),
(4719, 'Ezkurra', 31),
(4720, 'Ezprogui', 31),
(4721, 'Falces', 31),
(4722, 'Fitero', 31),
(4723, 'Fontellas', 31),
(4724, 'Funes', 31),
(4725, 'Fustiñana', 31),
(4726, 'Galar', 31),
(4727, 'Gallipienzo', 31),
(4728, 'Gallués/Galoze', 31),
(4729, 'Garaioa', 31),
(4730, 'Garde', 31),
(4731, 'Garínoain', 31),
(4732, 'Garralda', 31),
(4733, 'Genevilla', 31),
(4734, 'Goizueta', 31),
(4735, 'Goñi', 31),
(4736, 'Güesa/Gorza', 31),
(4737, 'Guesálaz', 31),
(4738, 'Guirguillano', 31),
(4739, 'Hiriberri/Villanueva de Aezkoa', 31),
(4740, 'Huarte/Uharte', 31),
(4741, 'Ibargoiti', 31),
(4742, 'Igantzi', 31),
(4743, 'Igúzquiza', 31),
(4744, 'Imotz', 31),
(4745, 'Irañeta', 31),
(4746, 'Irurtzun', 31),
(4747, 'Isaba/Izaba', 31),
(4748, 'Ituren', 31),
(4749, 'Iturmendi', 31),
(4750, 'Iza', 31),
(4751, 'Izagaondoa', 31),
(4752, 'Izalzu/Itzaltzu', 31),
(4753, 'Jaurrieta', 31),
(4754, 'Javier', 31),
(4755, 'Juslapeña', 31),
(4756, 'Lakuntza', 31),
(4757, 'Lana', 31),
(4758, 'Lantz', 31),
(4759, 'Lapoblación', 31),
(4760, 'Larraga', 31),
(4761, 'Larraona', 31),
(4762, 'Larraun', 31),
(4763, 'Lazagurría', 31),
(4764, 'Leache', 31),
(4765, 'Legarda', 31),
(4766, 'Legaria', 31),
(4767, 'Leitza', 31),
(4768, 'Lekunberri', 31),
(4769, 'Leoz', 31),
(4770, 'Lerga', 31),
(4771, 'Lerín', 31),
(4772, 'Lesaka', 31),
(4773, 'Lezáun', 31),
(4774, 'Liédena', 31),
(4775, 'Lizoáin', 31),
(4776, 'Lodosa', 31),
(4777, 'Lónguida/Longida', 31),
(4778, 'Lumbier', 31),
(4779, 'Luquin', 31),
(4780, 'Luzaide/Valcarlos', 31),
(4781, 'Mañeru', 31),
(4782, 'Marañón', 31),
(4783, 'Marcilla', 31),
(4784, 'Mélida', 31),
(4785, 'Mendavia', 31),
(4786, 'Mendaza', 31),
(4787, 'Mendigorría', 31),
(4788, 'Metauten', 31),
(4789, 'Milagro', 31),
(4790, 'Mirafuentes', 31),
(4791, 'Miranda de Arga', 31),
(4792, 'Monreal', 31),
(4793, 'Monteagudo', 31),
(4794, 'Morentin', 31),
(4795, 'Mues', 31),
(4796, 'Murchante', 31),
(4797, 'Murieta', 31),
(4798, 'Murillo el Cuende', 31),
(4799, 'Murillo el Fruto', 31),
(4800, 'Muruzábal', 31),
(4801, 'Navascués', 31),
(4802, 'Nazar', 31),
(4803, 'Noáin (Valle de Elorz)/Noain (Elortzibar)', 31),
(4804, 'Obanos', 31),
(4805, 'Ochagavía/Otsagabia', 31),
(4806, 'Oco', 31),
(4807, 'Odieta', 31),
(4808, 'Oitz', 31),
(4809, 'Olaibar', 31),
(4810, 'Olazti/Olazagutía', 31),
(4811, 'Olejua', 31),
(4812, 'Olite', 31),
(4813, 'Ollo', 31),
(4814, 'Olóriz', 31),
(4815, 'Orbaitzeta', 31),
(4816, 'Orbara', 31),
(4817, 'Orísoain', 31),
(4818, 'Orkoien', 31),
(4819, 'Oronz/Orontze', 31),
(4820, 'Oroz-Betelu', 31),
(4821, 'Orreaga/Roncesvalles', 31),
(4822, 'Oteiza', 31),
(4823, 'Pamplona/Iruña', 31),
(4824, 'Peralta', 31),
(4825, 'Petilla de Aragón', 31),
(4826, 'Piedramillera', 31),
(4827, 'Pitillas', 31),
(4828, 'Puente la Reina/Gares', 31),
(4829, 'Pueyo', 31),
(4830, 'Ribaforada', 31),
(4831, 'Romanzado', 31),
(4832, 'Roncal/Erronkari', 31),
(4833, 'Sada', 31),
(4834, 'Saldías', 31),
(4835, 'Salinas de Oro', 31),
(4836, 'San Adrián', 31),
(4837, 'San Martín de Unx', 31),
(4838, 'Sangüesa/Zangoza', 31),
(4839, 'Sansol', 31),
(4840, 'Santacara', 31),
(4841, 'Sarriés/Sartze', 31),
(4842, 'Sartaguda', 31),
(4843, 'Sesma', 31),
(4844, 'Sorlada', 31),
(4845, 'Sunbilla', 31),
(4846, 'Tafalla', 31),
(4847, 'Tiebas-Muruarte de Reta', 31),
(4848, 'Tirapu', 31),
(4849, 'Torralba del Río', 31),
(4850, 'Torres del Río', 31),
(4851, 'Tudela', 31),
(4852, 'Tulebras', 31),
(4853, 'Ucar', 31),
(4854, 'Uharte-Arakil', 31),
(4855, 'Ujué', 31),
(4856, 'Ultzama', 31),
(4857, 'Unciti', 31),
(4858, 'Unzué', 31),
(4859, 'Urdazubi/Urdax', 31),
(4860, 'Urdiain', 31),
(4861, 'Urraul Alto', 31),
(4862, 'Urraul Bajo', 31),
(4863, 'Urrotz', 31),
(4864, 'Urroz-Villa', 31),
(4865, 'Urzainqui/Urzainki', 31),
(4866, 'Uterga', 31),
(4867, 'Uztárroz/Uztarroze', 31),
(4868, 'Valle de Yerri/Deierri', 31),
(4869, 'Valtierra', 31),
(4870, 'Viana', 31),
(4871, 'Vidángoz/Bidankoze', 31),
(4872, 'Villafranca', 31),
(4873, 'Villamayor de Monjardín', 31),
(4874, 'Villatuerta', 31),
(4875, 'Villava/Atarrabia', 31),
(4876, 'Yesa', 31),
(4877, 'Zabalza', 31),
(4878, 'Ziordia', 31),
(4879, 'Zizur Mayor/Zizur Nagusia', 31),
(4880, 'Zubieta', 31),
(4881, 'Zugarramurdi', 31),
(4882, 'Zúñiga', 31),
(4883, 'Allariz', 32),
(4884, 'Amoeiro', 32),
(4885, 'Arnoia (A)', 32),
(4886, 'Avión', 32),
(4887, 'Baltar', 32),
(4888, 'Bande', 32),
(4889, 'Baños de Molgas', 32),
(4890, 'Barbadás', 32),
(4891, 'Barco de Valdeorras (O)', 32),
(4892, 'Beade', 32),
(4893, 'Beariz', 32),
(4894, 'Blancos (Os)', 32),
(4895, 'Boborás', 32),
(4896, 'Bola (A)', 32),
(4897, 'Bolo (O)', 32),
(4898, 'Calvos de Randín', 32),
(4899, 'Carballeda de Avia', 32),
(4900, 'Carballeda de Valdeorras', 32),
(4901, 'Carballiño (O)', 32),
(4902, 'Cartelle', 32),
(4903, 'Castrelo de Miño', 32),
(4904, 'Castrelo do Val', 32),
(4905, 'Castro Caldelas', 32),
(4906, 'Celanova', 32),
(4907, 'Cenlle', 32),
(4908, 'Chandrexa de Queixa', 32),
(4909, 'Coles', 32),
(4910, 'Cortegada', 32),
(4911, 'Cualedro', 32),
(4912, 'Entrimo', 32),
(4913, 'Esgos', 32),
(4914, 'Gomesende', 32),
(4915, 'Gudiña (A)', 32),
(4916, 'Irixo (O)', 32),
(4917, 'Larouco', 32),
(4918, 'Laza', 32),
(4919, 'Leiro', 32),
(4920, 'Lobeira', 32),
(4921, 'Lobios', 32),
(4922, 'Maceda', 32),
(4923, 'Manzaneda', 32),
(4924, 'Maside', 32),
(4925, 'Melón', 32),
(4926, 'Merca (A)', 32),
(4927, 'Mezquita (A)', 32),
(4928, 'Montederramo', 32),
(4929, 'Monterrei', 32),
(4930, 'Muíños', 32),
(4931, 'Nogueira de Ramuín', 32),
(4932, 'Oímbra', 32),
(4933, 'Ourense', 32),
(4934, 'Paderne de Allariz', 32),
(4935, 'Padrenda', 32),
(4936, 'Parada de Sil', 32),
(4937, 'Pereiro de Aguiar (O)', 32),
(4938, 'Peroxa (A)', 32),
(4939, 'Petín', 32),
(4940, 'Piñor', 32),
(4941, 'Pobra de Trives (A)', 32),
(4942, 'Pontedeva', 32),
(4943, 'Porqueira', 32),
(4944, 'Punxín', 32),
(4945, 'Quintela de Leirado', 32),
(4946, 'Rairiz de Veiga', 32),
(4947, 'Ramirás', 32),
(4948, 'Ribadavia', 32),
(4949, 'Riós', 32),
(4950, 'Rúa (A)', 32),
(4951, 'Rubiá', 32),
(4952, 'San Amaro', 32),
(4953, 'San Cibrao das Viñas', 32),
(4954, 'San Cristovo de Cea', 32),
(4955, 'San Xoán de Río', 32),
(4956, 'Sandiás', 32),
(4957, 'Sarreaus', 32),
(4958, 'Taboadela', 32),
(4959, 'Teixeira (A)', 32),
(4960, 'Toén', 32),
(4961, 'Trasmiras', 32),
(4962, 'Veiga (A)', 32),
(4963, 'Verea', 32),
(4964, 'Verín', 32),
(4965, 'Viana do Bolo', 32),
(4966, 'Vilamarín', 32),
(4967, 'Vilamartín de Valdeorras', 32),
(4968, 'Vilar de Barrio', 32),
(4969, 'Vilar de Santos', 32),
(4970, 'Vilardevós', 32),
(4971, 'Vilariño de Conso', 32),
(4972, 'Xinzo de Limia', 32),
(4973, 'Xunqueira de Ambía', 32),
(4974, 'Xunqueira de Espadanedo', 32),
(4975, 'Allande', 33),
(4976, 'Aller', 33),
(4977, 'Amieva', 33),
(4978, 'Avilés', 33),
(4979, 'Belmonte de Miranda', 33),
(4980, 'Bimenes', 33),
(4981, 'Boal', 33),
(4982, 'Cabrales', 33),
(4983, 'Cabranes', 33),
(4984, 'Candamo', 33),
(4985, 'Cangas de Onís', 33),
(4986, 'Cangas del Narcea', 33),
(4987, 'Caravia', 33),
(4988, 'Carreño', 33),
(4989, 'Caso', 33),
(4990, 'Castrillón', 33),
(4991, 'Castropol', 33),
(4992, 'Coaña', 33),
(4993, 'Colunga', 33),
(4994, 'Corvera de Asturias', 33),
(4995, 'Cudillero', 33),
(4996, 'Degaña', 33),
(4997, 'Franco (El)', 33),
(4998, 'Gijón', 33),
(4999, 'Gozón', 33),
(5000, 'Grado', 33),
(5001, 'Grandas de Salime', 33),
(5002, 'Ibias', 33),
(5003, 'Illano', 33),
(5004, 'Illas', 33),
(5005, 'Langreo', 33),
(5006, 'Laviana', 33),
(5007, 'Lena', 33),
(5008, 'Llanera', 33),
(5009, 'Llanes', 33),
(5010, 'Mieres', 33),
(5011, 'Morcín', 33),
(5012, 'Muros de Nalón', 33),
(5013, 'Nava', 33),
(5014, 'Navia', 33),
(5015, 'Noreña', 33),
(5016, 'Onís', 33),
(5017, 'Oviedo', 33),
(5018, 'Parres', 33),
(5019, 'Peñamellera Alta', 33),
(5020, 'Peñamellera Baja', 33),
(5021, 'Pesoz', 33),
(5022, 'Piloña', 33),
(5023, 'Ponga', 33),
(5024, 'Pravia', 33),
(5025, 'Proaza', 33),
(5026, 'Quirós', 33),
(5027, 'Regueras (Las)', 33),
(5028, 'Ribadedeva', 33),
(5029, 'Ribadesella', 33),
(5030, 'Ribera de Arriba', 33),
(5031, 'Riosa', 33),
(5032, 'Salas', 33),
(5033, 'San Martín de Oscos', 33),
(5034, 'San Martín del Rey Aurelio', 33),
(5035, 'San Tirso de Abres', 33),
(5036, 'Santa Eulalia de Oscos', 33),
(5037, 'Santo Adriano', 33),
(5038, 'Sariego', 33),
(5039, 'Siero', 33),
(5040, 'Sobrescobio', 33),
(5041, 'Somiedo', 33),
(5042, 'Soto del Barco', 33),
(5043, 'Tapia de Casariego', 33),
(5044, 'Taramundi', 33),
(5045, 'Teverga', 33),
(5046, 'Tineo', 33),
(5047, 'Valdés', 33),
(5048, 'Vegadeo', 33),
(5049, 'Villanueva de Oscos', 33),
(5050, 'Villaviciosa', 33),
(5051, 'Villayón', 33),
(5052, 'Yernes y Tameza', 33),
(5053, 'Abarca de Campos', 34),
(5054, 'Abia de las Torres', 34),
(5055, 'Aguilar de Campoo', 34),
(5056, 'Alar del Rey', 34),
(5057, 'Alba de Cerrato', 34),
(5058, 'Amayuelas de Arriba', 34),
(5059, 'Ampudia', 34),
(5060, 'Amusco', 34),
(5061, 'Antigüedad', 34),
(5062, 'Arconada', 34),
(5063, 'Astudillo', 34),
(5064, 'Autilla del Pino', 34),
(5065, 'Autillo de Campos', 34),
(5066, 'Ayuela', 34),
(5067, 'Baltanás', 34),
(5068, 'Baquerín de Campos', 34),
(5069, 'Bárcena de Campos', 34),
(5070, 'Barruelo de Santullán', 34),
(5071, 'Báscones de Ojeda', 34),
(5072, 'Becerril de Campos', 34),
(5073, 'Belmonte de Campos', 34),
(5074, 'Berzosilla', 34),
(5075, 'Boada de Campos', 34),
(5076, 'Boadilla de Rioseco', 34),
(5077, 'Boadilla del Camino', 34),
(5078, 'Brañosera', 34),
(5079, 'Buenavista de Valdavia', 34),
(5080, 'Bustillo de la Vega', 34),
(5081, 'Bustillo del Páramo de Carrión', 34),
(5082, 'Calahorra de Boedo', 34),
(5083, 'Calzada de los Molinos', 34),
(5084, 'Capillas', 34),
(5085, 'Cardeñosa de Volpejera', 34),
(5086, 'Carrión de los Condes', 34),
(5087, 'Castil de Vela', 34),
(5088, 'Castrejón de la Peña', 34),
(5089, 'Castrillo de Don Juan', 34),
(5090, 'Castrillo de Onielo', 34),
(5091, 'Castrillo de Villavega', 34),
(5092, 'Castromocho', 34),
(5093, 'Cervatos de la Cueza', 34),
(5094, 'Cervera de Pisuerga', 34),
(5095, 'Cevico de la Torre', 34),
(5096, 'Cevico Navero', 34),
(5097, 'Cisneros', 34),
(5098, 'Cobos de Cerrato', 34),
(5099, 'Collazos de Boedo', 34),
(5100, 'Congosto de Valdavia', 34),
(5101, 'Cordovilla la Real', 34),
(5102, 'Cubillas de Cerrato', 34),
(5103, 'Dehesa de Montejo', 34),
(5104, 'Dehesa de Romanos', 34),
(5105, 'Dueñas', 34),
(5106, 'Espinosa de Cerrato', 34),
(5107, 'Espinosa de Villagonzalo', 34),
(5108, 'Frechilla', 34),
(5109, 'Fresno del Río', 34),
(5110, 'Frómista', 34),
(5111, 'Fuentes de Nava', 34),
(5112, 'Fuentes de Valdepero', 34),
(5113, 'Grijota', 34),
(5114, 'Guardo', 34),
(5115, 'Guaza de Campos', 34),
(5116, 'Hérmedes de Cerrato', 34),
(5117, 'Herrera de Pisuerga', 34),
(5118, 'Herrera de Valdecañas', 34),
(5119, 'Hontoria de Cerrato', 34),
(5120, 'Hornillos de Cerrato', 34),
(5121, 'Husillos', 34),
(5122, 'Itero de la Vega', 34),
(5123, 'Lagartos', 34),
(5124, 'Lantadilla', 34),
(5125, 'Ledigos', 34),
(5126, 'Loma de Ucieza', 34),
(5127, 'Lomas', 34),
(5128, 'Magaz de Pisuerga', 34),
(5129, 'Manquillos', 34),
(5130, 'Mantinos', 34),
(5131, 'Marcilla de Campos', 34),
(5132, 'Mazariegos', 34),
(5133, 'Mazuecos de Valdeginate', 34),
(5134, 'Melgar de Yuso', 34),
(5135, 'Meneses de Campos', 34),
(5136, 'Micieces de Ojeda', 34),
(5137, 'Monzón de Campos', 34),
(5138, 'Moratinos', 34),
(5139, 'Mudá', 34),
(5140, 'Nogal de las Huertas', 34),
(5141, 'Olea de Boedo', 34),
(5142, 'Olmos de Ojeda', 34),
(5143, 'Osornillo', 34),
(5144, 'Osorno la Mayor', 34),
(5145, 'Palencia', 34),
(5146, 'Palenzuela', 34),
(5147, 'Páramo de Boedo', 34),
(5148, 'Paredes de Nava', 34),
(5149, 'Payo de Ojeda', 34),
(5150, 'Pedraza de Campos', 34),
(5151, 'Pedrosa de la Vega', 34),
(5152, 'Perales', 34),
(5153, 'Pernía (La)', 34),
(5154, 'Pino del Río', 34),
(5155, 'Piña de Campos', 34),
(5156, 'Población de Arroyo', 34),
(5157, 'Población de Campos', 34),
(5158, 'Población de Cerrato', 34),
(5159, 'Polentinos', 34),
(5160, 'Pomar de Valdivia', 34),
(5161, 'Poza de la Vega', 34),
(5162, 'Pozo de Urama', 34),
(5163, 'Prádanos de Ojeda', 34),
(5164, 'Puebla de Valdavia (La)', 34),
(5165, 'Quintana del Puente', 34),
(5166, 'Quintanilla de Onsoña', 34),
(5167, 'Reinoso de Cerrato', 34),
(5168, 'Renedo de la Vega', 34),
(5169, 'Requena de Campos', 34),
(5170, 'Respenda de la Peña', 34),
(5171, 'Revenga de Campos', 34),
(5172, 'Revilla de Collazos', 34),
(5173, 'Ribas de Campos', 34),
(5174, 'Riberos de la Cueza', 34),
(5175, 'Saldaña', 34),
(5176, 'Salinas de Pisuerga', 34),
(5177, 'San Cebrián de Campos', 34),
(5178, 'San Cebrián de Mudá', 34),
(5179, 'San Cristóbal de Boedo', 34),
(5180, 'San Mamés de Campos', 34),
(5181, 'San Román de la Cuba', 34),
(5182, 'Santa Cecilia del Alcor', 34),
(5183, 'Santa Cruz de Boedo', 34),
(5184, 'Santervás de la Vega', 34),
(5185, 'Santibáñez de Ecla', 34),
(5186, 'Santibáñez de la Peña', 34),
(5187, 'Santoyo', 34),
(5188, 'Serna (La)', 34),
(5189, 'Soto de Cerrato', 34),
(5190, 'Sotobañado y Priorato', 34),
(5191, 'Tabanera de Cerrato', 34),
(5192, 'Tabanera de Valdavia', 34),
(5193, 'Támara de Campos', 34),
(5194, 'Tariego de Cerrato', 34),
(5195, 'Torquemada', 34),
(5196, 'Torremormojón', 34),
(5197, 'Triollo', 34),
(5198, 'Valbuena de Pisuerga', 34),
(5199, 'Valdeolmillos', 34),
(5200, 'Valderrábano', 34),
(5201, 'Valde-Ucieza', 34),
(5202, 'Valle de Cerrato', 34),
(5203, 'Valle del Retortillo', 34),
(5204, 'Velilla del Río Carrión', 34),
(5205, 'Venta de Baños', 34),
(5206, 'Vertavillo', 34),
(5207, 'Vid de Ojeda (La)', 34),
(5208, 'Villabasta de Valdavia', 34),
(5209, 'Villacidaler', 34),
(5210, 'Villaconancio', 34),
(5211, 'Villada', 34),
(5212, 'Villaeles de Valdavia', 34),
(5213, 'Villahán', 34),
(5214, 'Villaherreros', 34),
(5215, 'Villalaco', 34),
(5216, 'Villalba de Guardo', 34),
(5217, 'Villalcázar de Sirga', 34),
(5218, 'Villalcón', 34),
(5219, 'Villalobón', 34),
(5220, 'Villaluenga de la Vega', 34),
(5221, 'Villamartín de Campos', 34),
(5222, 'Villamediana', 34),
(5223, 'Villameriel', 34),
(5224, 'Villamoronta', 34),
(5225, 'Villamuera de la Cueza', 34),
(5226, 'Villamuriel de Cerrato', 34),
(5227, 'Villanueva del Rebollar', 34),
(5228, 'Villanuño de Valdavia', 34),
(5229, 'Villaprovedo', 34),
(5230, 'Villarmentero de Campos', 34),
(5231, 'Villarrabé', 34),
(5232, 'Villarramiel', 34),
(5233, 'Villasarracino', 34),
(5234, 'Villasila de Valdavia', 34),
(5235, 'Villaturde', 34),
(5236, 'Villaumbrales', 34),
(5237, 'Villaviudas', 34),
(5238, 'Villerías de Campos', 34),
(5239, 'Villodre', 34),
(5240, 'Villodrigo', 34),
(5241, 'Villoldo', 34),
(5242, 'Villota del Páramo', 34),
(5243, 'Villovieco', 34),
(5244, 'Agaete', 35),
(5245, 'Agüimes', 35),
(5246, 'Aldea de San Nicolás (La)', 35),
(5247, 'Antigua', 35),
(5248, 'Arrecife', 35),
(5249, 'Artenara', 35),
(5250, 'Arucas', 35),
(5251, 'Betancuria', 35),
(5252, 'Firgas', 35),
(5253, 'Gáldar', 35),
(5254, 'Haría', 35),
(5255, 'Ingenio', 35),
(5256, 'Mogán', 35),
(5257, 'Moya', 35),
(5258, 'Oliva (La)', 35),
(5259, 'Pájara', 35),
(5260, 'Palmas de Gran Canaria (Las)', 35),
(5261, 'Puerto del Rosario', 35),
(5262, 'San Bartolomé', 35),
(5263, 'San Bartolomé de Tirajana', 35),
(5264, 'Santa Brígida', 35),
(5265, 'Santa Lucía de Tirajana', 35),
(5266, 'Santa María de Guía de Gran Canaria', 35),
(5267, 'Teguise', 35),
(5268, 'Tejeda', 35),
(5269, 'Telde', 35),
(5270, 'Teror', 35),
(5271, 'Tías', 35),
(5272, 'Tinajo', 35),
(5273, 'Tuineje', 35),
(5274, 'Valleseco', 35),
(5275, 'Valsequillo de Gran Canaria', 35),
(5276, 'Vega de San Mateo', 35),
(5277, 'Yaiza', 35),
(5278, 'Agolada', 36),
(5279, 'Arbo', 36),
(5280, 'Baiona', 36),
(5281, 'Barro', 36),
(5282, 'Bueu', 36),
(5283, 'Caldas de Reis', 36),
(5284, 'Cambados', 36),
(5285, 'Campo Lameiro', 36),
(5286, 'Cangas', 36),
(5287, 'Cañiza (A)', 36),
(5288, 'Catoira', 36),
(5289, 'Cerdedo', 36),
(5290, 'Cotobade', 36),
(5291, 'Covelo', 36),
(5292, 'Crecente', 36),
(5293, 'Cuntis', 36),
(5294, 'Dozón', 36),
(5295, 'Estrada (A)', 36),
(5296, 'Forcarei', 36),
(5297, 'Fornelos de Montes', 36),
(5298, 'Gondomar', 36),
(5299, 'Grove (O)', 36),
(5300, 'Guarda (A)', 36),
(5301, 'Illa de Arousa (A)', 36),
(5302, 'Lalín', 36),
(5303, 'Lama (A)', 36),
(5304, 'Marín', 36),
(5305, 'Meaño', 36),
(5306, 'Meis', 36),
(5307, 'Moaña', 36),
(5308, 'Mondariz', 36),
(5309, 'Mondariz-Balneario', 36),
(5310, 'Moraña', 36),
(5311, 'Mos', 36),
(5312, 'Neves (As)', 36),
(5313, 'Nigrán', 36),
(5314, 'Oia', 36),
(5315, 'Pazos de Borbén', 36),
(5316, 'Poio', 36),
(5317, 'Ponte Caldelas', 36),
(5318, 'Ponteareas', 36),
(5319, 'Pontecesures', 36),
(5320, 'Pontevedra', 36),
(5321, 'Porriño (O)', 36),
(5322, 'Portas', 36),
(5323, 'Redondela', 36),
(5324, 'Ribadumia', 36),
(5325, 'Rodeiro', 36),
(5326, 'Rosal (O)', 36),
(5327, 'Salceda de Caselas', 36),
(5328, 'Salvaterra de Miño', 36),
(5329, 'Sanxenxo', 36),
(5330, 'Silleda', 36),
(5331, 'Soutomaior', 36),
(5332, 'Tomiño', 36),
(5333, 'Tui', 36),
(5334, 'Valga', 36),
(5335, 'Vigo', 36),
(5336, 'Vila de Cruces', 36),
(5337, 'Vilaboa', 36),
(5338, 'Vilagarcía de Arousa', 36),
(5339, 'Vilanova de Arousa', 36),
(5340, 'Abusejo', 37),
(5341, 'Agallas', 37),
(5342, 'Ahigal de los Aceiteros', 37),
(5343, 'Ahigal de Villarino', 37),
(5344, 'Alameda de Gardón (La)', 37),
(5345, 'Alamedilla (La)', 37),
(5346, 'Alaraz', 37),
(5347, 'Alba de Tormes', 37),
(5348, 'Alba de Yeltes', 37),
(5349, 'Alberca (La)', 37),
(5350, 'Alberguería de Argañán (La)', 37),
(5351, 'Alconada', 37),
(5352, 'Aldea del Obispo', 37),
(5353, 'Aldeacipreste', 37),
(5354, 'Aldeadávila de la Ribera', 37),
(5355, 'Aldealengua', 37),
(5356, 'Aldeanueva de Figueroa', 37),
(5357, 'Aldeanueva de la Sierra', 37),
(5358, 'Aldearrodrigo', 37),
(5359, 'Aldearrubia', 37),
(5360, 'Aldeaseca de Alba', 37),
(5361, 'Aldeaseca de la Frontera', 37),
(5362, 'Aldeatejada', 37),
(5363, 'Aldeavieja de Tormes', 37),
(5364, 'Aldehuela de la Bóveda', 37),
(5365, 'Aldehuela de Yeltes', 37),
(5366, 'Almenara de Tormes', 37),
(5367, 'Almendra', 37),
(5368, 'Anaya de Alba', 37),
(5369, 'Añover de Tormes', 37),
(5370, 'Arabayona de Mógica', 37),
(5371, 'Arapiles', 37),
(5372, 'Arcediano', 37),
(5373, 'Arco (El)', 37),
(5374, 'Armenteros', 37),
(5375, 'Atalaya (La)', 37),
(5376, 'Babilafuente', 37),
(5377, 'Bañobárez', 37),
(5378, 'Barbadillo', 37),
(5379, 'Barbalos', 37),
(5380, 'Barceo', 37),
(5381, 'Barruecopardo', 37),
(5382, 'Bastida (La)', 37),
(5383, 'Béjar', 37),
(5384, 'Beleña', 37),
(5385, 'Bermellar', 37),
(5386, 'Berrocal de Huebra', 37),
(5387, 'Berrocal de Salvatierra', 37),
(5388, 'Boada', 37),
(5389, 'Bodón (El)', 37),
(5390, 'Bogajo', 37),
(5391, 'Bouza (La)', 37),
(5392, 'Bóveda del Río Almar', 37),
(5393, 'Brincones', 37),
(5394, 'Buenamadre', 37),
(5395, 'Buenavista', 37),
(5396, 'Cabaco (El)', 37),
(5397, 'Cabeza de Béjar (La)', 37),
(5398, 'Cabeza del Caballo', 37),
(5399, 'Cabezabellosa de la Calzada', 37),
(5400, 'Cabrerizos', 37),
(5401, 'Cabrillas', 37),
(5402, 'Calvarrasa de Abajo', 37),
(5403, 'Calvarrasa de Arriba', 37),
(5404, 'Calzada de Béjar (La)', 37),
(5405, 'Calzada de Don Diego', 37),
(5406, 'Calzada de Valdunciel', 37),
(5407, 'Campillo de Azaba', 37),
(5408, 'Campo de Peñaranda (El)', 37),
(5409, 'Candelario', 37),
(5410, 'Canillas de Abajo', 37),
(5411, 'Cantagallo', 37),
(5412, 'Cantalapiedra', 37),
(5413, 'Cantalpino', 37),
(5414, 'Cantaracillo', 37),
(5415, 'Carbajosa de la Sagrada', 37),
(5416, 'Carpio de Azaba', 37),
(5417, 'Carrascal de Barregas', 37),
(5418, 'Carrascal del Obispo', 37),
(5419, 'Casafranca', 37),
(5420, 'Casas del Conde (Las)', 37),
(5421, 'Casillas de Flores', 37),
(5422, 'Castellanos de Moriscos', 37),
(5423, 'Castellanos de Villiquera', 37),
(5424, 'Castillejo de Martín Viejo', 37),
(5425, 'Castraz', 37),
(5426, 'Cepeda', 37),
(5427, 'Cereceda de la Sierra', 37),
(5428, 'Cerezal de Peñahorcada', 37),
(5429, 'Cerralbo', 37),
(5430, 'Cerro (El)', 37),
(5431, 'Cespedosa de Tormes', 37),
(5432, 'Chagarcía Medianero', 37),
(5433, 'Cilleros de la Bastida', 37),
(5434, 'Cipérez', 37),
(5435, 'Ciudad Rodrigo', 37),
(5436, 'Coca de Alba', 37),
(5437, 'Colmenar de Montemayor', 37),
(5438, 'Cordovilla', 37),
(5439, 'Cristóbal', 37),
(5440, 'Cubo de Don Sancho (El)', 37),
(5441, 'Dios le Guarde', 37),
(5442, 'Doñinos de Ledesma', 37),
(5443, 'Doñinos de Salamanca', 37),
(5444, 'Ejeme', 37),
(5445, 'Encina (La)', 37),
(5446, 'Encina de San Silvestre', 37),
(5447, 'Encinas de Abajo', 37),
(5448, 'Encinas de Arriba', 37),
(5449, 'Encinasola de los Comendadores', 37),
(5450, 'Endrinal', 37),
(5451, 'Escurial de la Sierra', 37),
(5452, 'Espadaña', 37),
(5453, 'Espeja', 37),
(5454, 'Espino de la Orbada', 37),
(5455, 'Florida de Liébana', 37),
(5456, 'Forfoleda', 37),
(5457, 'Frades de la Sierra', 37),
(5458, 'Fregeneda (La)', 37),
(5459, 'Fresnedoso', 37),
(5460, 'Fresno Alhándiga', 37),
(5461, 'Fuente de San Esteban (La)', 37),
(5462, 'Fuenteguinaldo', 37),
(5463, 'Fuenteliante', 37),
(5464, 'Fuenterroble de Salvatierra', 37),
(5465, 'Fuentes de Béjar', 37),
(5466, 'Fuentes de Oñoro', 37),
(5467, 'Gajates', 37),
(5468, 'Galindo y Perahuy', 37),
(5469, 'Galinduste', 37),
(5470, 'Galisancho', 37),
(5471, 'Gallegos de Argañán', 37),
(5472, 'Gallegos de Solmirón', 37),
(5473, 'Garcibuey', 37),
(5474, 'Garcihernández', 37),
(5475, 'Garcirrey', 37),
(5476, 'Gejuelo del Barro', 37),
(5477, 'Golpejas', 37),
(5478, 'Gomecello', 37),
(5479, 'Guadramiro', 37),
(5480, 'Guijo de Ávila', 37),
(5481, 'Guijuelo', 37),
(5482, 'Herguijuela de Ciudad Rodrigo', 37),
(5483, 'Herguijuela de la Sierra', 37),
(5484, 'Herguijuela del Campo', 37),
(5485, 'Hinojosa de Duero', 37),
(5486, 'Horcajo de Montemayor', 37),
(5487, 'Horcajo Medianero', 37),
(5488, 'Hoya (La)', 37),
(5489, 'Huerta', 37),
(5490, 'Iruelos', 37),
(5491, 'Ituero de Azaba', 37),
(5492, 'Juzbado', 37),
(5493, 'Lagunilla', 37),
(5494, 'Larrodrigo', 37),
(5495, 'Ledesma', 37),
(5496, 'Ledrada', 37),
(5497, 'Linares de Riofrío', 37),
(5498, 'Lumbrales', 37),
(5499, 'Machacón', 37),
(5500, 'Macotera', 37),
(5501, 'Madroñal', 37),
(5502, 'Maíllo (El)', 37),
(5503, 'Malpartida', 37),
(5504, 'Mancera de Abajo', 37),
(5505, 'Manzano (El)', 37),
(5506, 'Martiago', 37),
(5507, 'Martín de Yeltes', 37),
(5508, 'Martinamor', 37),
(5509, 'Masueco', 37),
(5510, 'Mata de Ledesma (La)', 37),
(5511, 'Matilla de los Caños del Río', 37),
(5512, 'Maya (La)', 37),
(5513, 'Membribe de la Sierra', 37),
(5514, 'Mieza', 37),
(5515, 'Milano (El)', 37),
(5516, 'Miranda de Azán', 37),
(5517, 'Miranda del Castañar', 37),
(5518, 'Mogarraz', 37),
(5519, 'Molinillo', 37),
(5520, 'Monforte de la Sierra', 37),
(5521, 'Monleón', 37),
(5522, 'Monleras', 37),
(5523, 'Monsagro', 37),
(5524, 'Montejo', 37),
(5525, 'Montemayor del Río', 37),
(5526, 'Monterrubio de Armuña', 37),
(5527, 'Monterrubio de la Sierra', 37),
(5528, 'Morasverdes', 37),
(5529, 'Morille', 37),
(5530, 'Moríñigo', 37),
(5531, 'Moriscos', 37),
(5532, 'Moronta', 37),
(5533, 'Mozárbez', 37),
(5534, 'Narros de Matalayegua', 37),
(5535, 'Nava de Béjar', 37),
(5536, 'Nava de Francia', 37),
(5537, 'Nava de Sotrobal', 37),
(5538, 'Navacarros', 37),
(5539, 'Navales', 37),
(5540, 'Navalmoral de Béjar', 37),
(5541, 'Navamorales', 37),
(5542, 'Navarredonda de la Rinconada', 37),
(5543, 'Navasfrías', 37),
(5544, 'Negrilla de Palencia', 37),
(5545, 'Olmedo de Camaces', 37),
(5546, 'Orbada (La)', 37),
(5547, 'Pajares de la Laguna', 37),
(5548, 'Palacios del Arzobispo', 37),
(5549, 'Palaciosrubios', 37),
(5550, 'Palencia de Negrilla', 37),
(5551, 'Parada de Arriba', 37),
(5552, 'Parada de Rubiales', 37),
(5553, 'Paradinas de San Juan', 37),
(5554, 'Pastores', 37),
(5555, 'Payo (El)', 37),
(5556, 'Pedraza de Alba', 37),
(5557, 'Pedrosillo de Alba', 37),
(5558, 'Pedrosillo de los Aires', 37),
(5559, 'Pedrosillo el Ralo', 37),
(5560, 'Pedroso de la Armuña (El)', 37),
(5561, 'Pelabravo', 37),
(5562, 'Pelarrodríguez', 37),
(5563, 'Pelayos', 37),
(5564, 'Peña (La)', 37),
(5565, 'Peñacaballera', 37),
(5566, 'Peñaparda', 37),
(5567, 'Peñaranda de Bracamonte', 37),
(5568, 'Peñarandilla', 37),
(5569, 'Peralejos de Abajo', 37),
(5570, 'Peralejos de Arriba', 37),
(5571, 'Pereña de la Ribera', 37),
(5572, 'Peromingo', 37),
(5573, 'Pinedas', 37),
(5574, 'Pino de Tormes (El)', 37),
(5575, 'Pitiegua', 37),
(5576, 'Pizarral', 37),
(5577, 'Poveda de las Cintas', 37),
(5578, 'Pozos de Hinojo', 37),
(5579, 'Puebla de Azaba', 37),
(5580, 'Puebla de San Medel', 37),
(5581, 'Puebla de Yeltes', 37),
(5582, 'Puente del Congosto', 37),
(5583, 'Puertas', 37),
(5584, 'Puerto de Béjar', 37),
(5585, 'Puerto Seguro', 37),
(5586, 'Rágama', 37),
(5587, 'Redonda (La)', 37),
(5588, 'Retortillo', 37),
(5589, 'Rinconada de la Sierra (La)', 37),
(5590, 'Robleda', 37),
(5591, 'Robliza de Cojos', 37),
(5592, 'Rollán', 37),
(5593, 'Saelices el Chico', 37),
(5594, 'Sagrada (La)', 37),
(5595, 'Sahugo (El)', 37),
(5596, 'Salamanca', 37),
(5597, 'Saldeana', 37),
(5598, 'Salmoral', 37),
(5599, 'Salvatierra de Tormes', 37),
(5600, 'San Cristóbal de la Cuesta', 37),
(5601, 'San Esteban de la Sierra', 37),
(5602, 'San Felices de los Gallegos', 37),
(5603, 'San Martín del Castañar', 37),
(5604, 'San Miguel de Valero', 37),
(5605, 'San Miguel del Robledo', 37),
(5606, 'San Morales', 37),
(5607, 'San Muñoz', 37),
(5608, 'San Pedro de Rozados', 37),
(5609, 'San Pedro del Valle', 37),
(5610, 'San Pelayo de Guareña', 37),
(5611, 'Sanchón de la Ribera', 37),
(5612, 'Sanchón de la Sagrada', 37),
(5613, 'Sanchotello', 37),
(5614, 'Sancti-Spíritus', 37),
(5615, 'Sando', 37),
(5616, 'Santa María de Sando', 37),
(5617, 'Santa Marta de Tormes', 37),
(5618, 'Santiago de la Puebla', 37),
(5619, 'Santibáñez de Béjar', 37),
(5620, 'Santibáñez de la Sierra', 37),
(5621, 'Santiz', 37),
(5622, 'Santos (Los)', 37),
(5623, 'Sardón de los Frailes', 37),
(5624, 'Saucelle', 37),
(5625, 'Sepulcro-Hilario', 37),
(5626, 'Sequeros', 37),
(5627, 'Serradilla del Arroyo', 37),
(5628, 'Serradilla del Llano', 37),
(5629, 'Sierpe (La)', 37),
(5630, 'Sieteiglesias de Tormes', 37),
(5631, 'Sobradillo', 37),
(5632, 'Sorihuela', 37),
(5633, 'Sotoserrano', 37),
(5634, 'Tabera de Abajo', 37),
(5635, 'Tala (La)', 37),
(5636, 'Tamames', 37),
(5637, 'Tarazona de Guareña', 37),
(5638, 'Tardáguila', 37),
(5639, 'Tejado (El)', 37),
(5640, 'Tejeda y Segoyuela', 37),
(5641, 'Tenebrón', 37),
(5642, 'Terradillos', 37),
(5643, 'Topas', 37),
(5644, 'Tordillos', 37),
(5645, 'Tornadizo (El)', 37),
(5646, 'Torresmenudas', 37),
(5647, 'Trabanca', 37),
(5648, 'Tremedal de Tormes', 37),
(5649, 'Valdecarros', 37),
(5650, 'Valdefuentes de Sangusín', 37),
(5651, 'Valdehijaderos', 37),
(5652, 'Valdelacasa', 37),
(5653, 'Valdelageve', 37),
(5654, 'Valdelosa', 37),
(5655, 'Valdemierque', 37),
(5656, 'Valderrodrigo', 37),
(5657, 'Valdunciel', 37),
(5658, 'Valero', 37),
(5659, 'Vallejera de Riofrío', 37),
(5660, 'Valsalabroso', 37),
(5661, 'Valverde de Valdelacasa', 37),
(5662, 'Valverdón', 37),
(5663, 'Vecinos', 37),
(5664, 'Vega de Tirados', 37),
(5665, 'Veguillas (Las)', 37),
(5666, 'Vellés (La)', 37),
(5667, 'Ventosa del Río Almar', 37),
(5668, 'Vídola (La)', 37),
(5669, 'Villaflores', 37),
(5670, 'Villagonzalo de Tormes', 37),
(5671, 'Villalba de los Llanos', 37),
(5672, 'Villamayor', 37),
(5673, 'Villanueva del Conde', 37),
(5674, 'Villar de Argañán', 37),
(5675, 'Villar de Ciervo', 37),
(5676, 'Villar de Gallimazo', 37),
(5677, 'Villar de la Yegua', 37),
(5678, 'Villar de Peralonso', 37),
(5679, 'Villar de Samaniego', 37),
(5680, 'Villares de la Reina', 37),
(5681, 'Villares de Yeltes', 37),
(5682, 'Villarino de los Aires', 37),
(5683, 'Villarmayor', 37),
(5684, 'Villarmuerto', 37),
(5685, 'Villasbuenas', 37),
(5686, 'Villasdardo', 37),
(5687, 'Villaseco de los Gamitos', 37),
(5688, 'Villaseco de los Reyes', 37),
(5689, 'Villasrubias', 37),
(5690, 'Villaverde de Guareña', 37),
(5691, 'Villavieja de Yeltes', 37),
(5692, 'Villoria', 37),
(5693, 'Villoruela', 37),
(5694, 'Vilvestre', 37),
(5695, 'Vitigudino', 37),
(5696, 'Yecla de Yeltes', 37),
(5697, 'Zamarra', 37),
(5698, 'Zamayón', 37),
(5699, 'Zarapicos', 37),
(5700, 'Zarza de Pumareda (La)', 37),
(5701, 'Zorita de la Frontera', 37),
(5702, 'Adeje', 38),
(5703, 'Agulo', 38),
(5704, 'Alajeró', 38),
(5705, 'Arafo', 38),
(5706, 'Arico', 38),
(5707, 'Arona', 38),
(5708, 'Barlovento', 38),
(5709, 'Breña Alta', 38),
(5710, 'Breña Baja', 38),
(5711, 'Buenavista del Norte', 38),
(5712, 'Candelaria', 38),
(5713, 'Fasnia', 38),
(5714, 'Frontera', 38),
(5715, 'Fuencaliente de la Palma', 38),
(5716, 'Garachico', 38),
(5717, 'Garafía', 38),
(5718, 'Granadilla de Abona', 38),
(5719, 'Guancha (La)', 38),
(5720, 'Guía de Isora', 38),
(5721, 'Güímar', 38),
(5722, 'Hermigua', 38),
(5723, 'Icod de los Vinos', 38),
(5724, 'Llanos de Aridane (Los)', 38),
(5725, 'Matanza de Acentejo (La)', 38),
(5726, 'Orotava (La)', 38),
(5727, 'Paso (El)', 38),
(5728, 'Puerto de la Cruz', 38),
(5729, 'Puntagorda', 38),
(5730, 'Puntallana', 38),
(5731, 'Realejos (Los)', 38),
(5732, 'Rosario (El)', 38),
(5733, 'San Andrés y Sauces', 38);
INSERT INTO `municipio` (`id`, `nombre`, `provincia_id`) VALUES
(5734, 'San Cristóbal de La Laguna', 38),
(5735, 'San Juan de la Rambla', 38),
(5736, 'San Miguel de Abona', 38),
(5737, 'San Sebastián de la Gomera', 38),
(5738, 'Santa Cruz de la Palma', 38),
(5739, 'Santa Cruz de Tenerife', 38),
(5740, 'Santa Úrsula', 38),
(5741, 'Santiago del Teide', 38),
(5742, 'Sauzal (El)', 38),
(5743, 'Silos (Los)', 38),
(5744, 'Tacoronte', 38),
(5745, 'Tanque (El)', 38),
(5746, 'Tazacorte', 38),
(5747, 'Tegueste', 38),
(5748, 'Tijarafe', 38),
(5749, 'Valle Gran Rey', 38),
(5750, 'Vallehermoso', 38),
(5751, 'Valverde', 38),
(5752, 'Victoria de Acentejo (La)', 38),
(5753, 'Vilaflor', 38),
(5754, 'Villa de Mazo', 38),
(5755, 'Alfoz de Lloredo', 39),
(5756, 'Ampuero', 39),
(5757, 'Anievas', 39),
(5758, 'Arenas de Iguña', 39),
(5759, 'Argoños', 39),
(5760, 'Arnuero', 39),
(5761, 'Arredondo', 39),
(5762, 'Astillero (El)', 39),
(5763, 'Bárcena de Cicero', 39),
(5764, 'Bárcena de Pie de Concha', 39),
(5765, 'Bareyo', 39),
(5766, 'Cabezón de la Sal', 39),
(5767, 'Cabezón de Liébana', 39),
(5768, 'Cabuérniga', 39),
(5769, 'Camaleño', 39),
(5770, 'Camargo', 39),
(5771, 'Campoo de Enmedio', 39),
(5772, 'Campoo de Yuso', 39),
(5773, 'Cartes', 39),
(5774, 'Castañeda', 39),
(5775, 'Castro-Urdiales', 39),
(5776, 'Cieza', 39),
(5777, 'Cillorigo de Liébana', 39),
(5778, 'Colindres', 39),
(5779, 'Comillas', 39),
(5780, 'Corrales de Buelna (Los)', 39),
(5781, 'Corvera de Toranzo', 39),
(5782, 'Entrambasaguas', 39),
(5783, 'Escalante', 39),
(5784, 'Guriezo', 39),
(5785, 'Hazas de Cesto', 39),
(5786, 'Hermandad de Campoo de Suso', 39),
(5787, 'Herrerías', 39),
(5788, 'Lamasón', 39),
(5789, 'Laredo', 39),
(5790, 'Liendo', 39),
(5791, 'Liérganes', 39),
(5792, 'Limpias', 39),
(5793, 'Luena', 39),
(5794, 'Marina de Cudeyo', 39),
(5795, 'Mazcuerras', 39),
(5796, 'Medio Cudeyo', 39),
(5797, 'Meruelo', 39),
(5798, 'Miengo', 39),
(5799, 'Miera', 39),
(5800, 'Molledo', 39),
(5801, 'Noja', 39),
(5802, 'Penagos', 39),
(5803, 'Peñarrubia', 39),
(5804, 'Pesaguero', 39),
(5805, 'Pesquera', 39),
(5806, 'Piélagos', 39),
(5807, 'Polaciones', 39),
(5808, 'Polanco', 39),
(5809, 'Potes', 39),
(5810, 'Puente Viesgo', 39),
(5811, 'Ramales de la Victoria', 39),
(5812, 'Rasines', 39),
(5813, 'Reinosa', 39),
(5814, 'Reocín', 39),
(5815, 'Ribamontán al Mar', 39),
(5816, 'Ribamontán al Monte', 39),
(5817, 'Rionansa', 39),
(5818, 'Riotuerto', 39),
(5819, 'Rozas de Valdearroyo (Las)', 39),
(5820, 'Ruente', 39),
(5821, 'Ruesga', 39),
(5822, 'Ruiloba', 39),
(5823, 'San Felices de Buelna', 39),
(5824, 'San Miguel de Aguayo', 39),
(5825, 'San Pedro del Romeral', 39),
(5826, 'San Roque de Riomiera', 39),
(5827, 'San Vicente de la Barquera', 39),
(5828, 'Santa Cruz de Bezana', 39),
(5829, 'Santa María de Cayón', 39),
(5830, 'Santander', 39),
(5831, 'Santillana del Mar', 39),
(5832, 'Santiurde de Reinosa', 39),
(5833, 'Santiurde de Toranzo', 39),
(5834, 'Santoña', 39),
(5835, 'Saro', 39),
(5836, 'Selaya', 39),
(5837, 'Soba', 39),
(5838, 'Solórzano', 39),
(5839, 'Suances', 39),
(5840, 'Tojos (Los)', 39),
(5841, 'Torrelavega', 39),
(5842, 'Tresviso', 39),
(5843, 'Tudanca', 39),
(5844, 'Udías', 39),
(5845, 'Val de San Vicente', 39),
(5846, 'Valdáliga', 39),
(5847, 'Valdeolea', 39),
(5848, 'Valdeprado del Río', 39),
(5849, 'Valderredible', 39),
(5850, 'Valle de Villaverde', 39),
(5851, 'Vega de Liébana', 39),
(5852, 'Vega de Pas', 39),
(5853, 'Villacarriedo', 39),
(5854, 'Villaescusa', 39),
(5855, 'Villafufre', 39),
(5856, 'Voto', 39),
(5857, 'Abades', 40),
(5858, 'Adrada de Pirón', 40),
(5859, 'Adrados', 40),
(5860, 'Aguilafuente', 40),
(5861, 'Alconada de Maderuelo', 40),
(5862, 'Aldea Real', 40),
(5863, 'Aldealcorvo', 40),
(5864, 'Aldealengua de Pedraza', 40),
(5865, 'Aldealengua de Santa María', 40),
(5866, 'Aldeanueva de la Serrezuela', 40),
(5867, 'Aldeanueva del Codonal', 40),
(5868, 'Aldeasoña', 40),
(5869, 'Aldehorno', 40),
(5870, 'Aldehuela del Codonal', 40),
(5871, 'Aldeonte', 40),
(5872, 'Anaya', 40),
(5873, 'Añe', 40),
(5874, 'Arahuetes', 40),
(5875, 'Arcones', 40),
(5876, 'Arevalillo de Cega', 40),
(5877, 'Armuña', 40),
(5878, 'Ayllón', 40),
(5879, 'Barbolla', 40),
(5880, 'Basardilla', 40),
(5881, 'Bercial', 40),
(5882, 'Bercimuel', 40),
(5883, 'Bernardos', 40),
(5884, 'Bernuy de Porreros', 40),
(5885, 'Boceguillas', 40),
(5886, 'Brieva', 40),
(5887, 'Caballar', 40),
(5888, 'Cabañas de Polendos', 40),
(5889, 'Cabezuela', 40),
(5890, 'Calabazas de Fuentidueña', 40),
(5891, 'Campo de San Pedro', 40),
(5892, 'Cantalejo', 40),
(5893, 'Cantimpalos', 40),
(5894, 'Carbonero el Mayor', 40),
(5895, 'Carrascal del Río', 40),
(5896, 'Casla', 40),
(5897, 'Castillejo de Mesleón', 40),
(5898, 'Castro de Fuentidueña', 40),
(5899, 'Castrojimeno', 40),
(5900, 'Castroserna de Abajo', 40),
(5901, 'Castroserracín', 40),
(5902, 'Cedillo de la Torre', 40),
(5903, 'Cerezo de Abajo', 40),
(5904, 'Cerezo de Arriba', 40),
(5905, 'Chañe', 40),
(5906, 'Cilleruelo de San Mamés', 40),
(5907, 'Cobos de Fuentidueña', 40),
(5908, 'Coca', 40),
(5909, 'Codorniz', 40),
(5910, 'Collado Hermoso', 40),
(5911, 'Condado de Castilnovo', 40),
(5912, 'Corral de Ayllón', 40),
(5913, 'Cozuelos de Fuentidueña', 40),
(5914, 'Cubillo', 40),
(5915, 'Cuéllar', 40),
(5916, 'Cuevas de Provanco', 40),
(5917, 'Domingo García', 40),
(5918, 'Donhierro', 40),
(5919, 'Duruelo', 40),
(5920, 'Encinas', 40),
(5921, 'Encinillas', 40),
(5922, 'Escalona del Prado', 40),
(5923, 'Escarabajosa de Cabezas', 40),
(5924, 'Escobar de Polendos', 40),
(5925, 'Espinar (El)', 40),
(5926, 'Espirdo', 40),
(5927, 'Fresneda de Cuéllar', 40),
(5928, 'Fresno de Cantespino', 40),
(5929, 'Fresno de la Fuente', 40),
(5930, 'Frumales', 40),
(5931, 'Fuente de Santa Cruz', 40),
(5932, 'Fuente el Olmo de Fuentidueña', 40),
(5933, 'Fuente el Olmo de Íscar', 40),
(5934, 'Fuentepelayo', 40),
(5935, 'Fuentepiñel', 40),
(5936, 'Fuenterrebollo', 40),
(5937, 'Fuentesaúco de Fuentidueña', 40),
(5938, 'Fuentesoto', 40),
(5939, 'Fuentidueña', 40),
(5940, 'Gallegos', 40),
(5941, 'Garcillán', 40),
(5942, 'Gomezserracín', 40),
(5943, 'Grajera', 40),
(5944, 'Honrubia de la Cuesta', 40),
(5945, 'Hontalbilla', 40),
(5946, 'Hontanares de Eresma', 40),
(5947, 'Huertos (Los)', 40),
(5948, 'Ituero y Lama', 40),
(5949, 'Juarros de Riomoros', 40),
(5950, 'Juarros de Voltoya', 40),
(5951, 'Labajos', 40),
(5952, 'Laguna de Contreras', 40),
(5953, 'Languilla', 40),
(5954, 'Lastras de Cuéllar', 40),
(5955, 'Lastras del Pozo', 40),
(5956, 'Lastrilla (La)', 40),
(5957, 'Losa (La)', 40),
(5958, 'Maderuelo', 40),
(5959, 'Marazoleja', 40),
(5960, 'Marazuela', 40),
(5961, 'Martín Miguel', 40),
(5962, 'Martín Muñoz de la Dehesa', 40),
(5963, 'Martín Muñoz de las Posadas', 40),
(5964, 'Marugán', 40),
(5965, 'Mata de Cuéllar', 40),
(5966, 'Matabuena', 40),
(5967, 'Matilla (La)', 40),
(5968, 'Melque de Cercos', 40),
(5969, 'Membibre de la Hoz', 40),
(5970, 'Migueláñez', 40),
(5971, 'Montejo de Arévalo', 40),
(5972, 'Montejo de la Vega de la Serrezuela', 40),
(5973, 'Monterrubio', 40),
(5974, 'Moral de Hornuez', 40),
(5975, 'Mozoncillo', 40),
(5976, 'Muñopedro', 40),
(5977, 'Muñoveros', 40),
(5978, 'Nava de la Asunción', 40),
(5979, 'Navafría', 40),
(5980, 'Navalilla', 40),
(5981, 'Navalmanzano', 40),
(5982, 'Navares de Ayuso', 40),
(5983, 'Navares de Enmedio', 40),
(5984, 'Navares de las Cuevas', 40),
(5985, 'Navas de Oro', 40),
(5986, 'Navas de Riofrío', 40),
(5987, 'Navas de San Antonio', 40),
(5988, 'Nieva', 40),
(5989, 'Olombrada', 40),
(5990, 'Orejana', 40),
(5991, 'Ortigosa de Pestaño', 40),
(5992, 'Ortigosa del Monte', 40),
(5993, 'Otero de Herreros', 40),
(5994, 'Pajarejos', 40),
(5995, 'Palazuelos de Eresma', 40),
(5996, 'Pedraza', 40),
(5997, 'Pelayos del Arroyo', 40),
(5998, 'Perosillo', 40),
(5999, 'Pinarejos', 40),
(6000, 'Pinarnegrillo', 40),
(6001, 'Pradales', 40),
(6002, 'Prádena', 40),
(6003, 'Puebla de Pedraza', 40),
(6004, 'Rapariegos', 40),
(6005, 'Rebollo', 40),
(6006, 'Remondo', 40),
(6007, 'Riaguas de San Bartolomé', 40),
(6008, 'Riaza', 40),
(6009, 'Ribota', 40),
(6010, 'Riofrío de Riaza', 40),
(6011, 'Roda de Eresma', 40),
(6012, 'Sacramenia', 40),
(6013, 'Samboal', 40),
(6014, 'San Cristóbal de Cuéllar', 40),
(6015, 'San Cristóbal de la Vega', 40),
(6016, 'San Cristóbal de Segovia', 40),
(6017, 'San Ildefonso', 40),
(6018, 'San Martín y Mudrián', 40),
(6019, 'San Miguel de Bernuy', 40),
(6020, 'San Pedro de Gaíllos', 40),
(6021, 'Sanchonuño', 40),
(6022, 'Sangarcía', 40),
(6023, 'Santa María la Real de Nieva', 40),
(6024, 'Santa Marta del Cerro', 40),
(6025, 'Santiuste de Pedraza', 40),
(6026, 'Santiuste de San Juan Bautista', 40),
(6027, 'Santo Domingo de Pirón', 40),
(6028, 'Santo Tomé del Puerto', 40),
(6029, 'Sauquillo de Cabezas', 40),
(6030, 'Sebúlcor', 40),
(6031, 'Segovia', 40),
(6032, 'Sepúlveda', 40),
(6033, 'Sequera de Fresno', 40),
(6034, 'Sotillo', 40),
(6035, 'Sotosalbos', 40),
(6036, 'Tabanera la Luenga', 40),
(6037, 'Tolocirio', 40),
(6038, 'Torre Val de San Pedro', 40),
(6039, 'Torreadrada', 40),
(6040, 'Torrecaballeros', 40),
(6041, 'Torrecilla del Pinar', 40),
(6042, 'Torreiglesias', 40),
(6043, 'Trescasas', 40),
(6044, 'Turégano', 40),
(6045, 'Urueñas', 40),
(6046, 'Valdeprados', 40),
(6047, 'Valdevacas de Montejo', 40),
(6048, 'Valdevacas y Guijar', 40),
(6049, 'Valle de Tabladillo', 40),
(6050, 'Vallelado', 40),
(6051, 'Valleruela de Pedraza', 40),
(6052, 'Valleruela de Sepúlveda', 40),
(6053, 'Valseca', 40),
(6054, 'Valtiendas', 40),
(6055, 'Valverde del Majano', 40),
(6056, 'Veganzones', 40),
(6057, 'Vegas de Matute', 40),
(6058, 'Ventosilla y Tejadilla', 40),
(6059, 'Villacastín', 40),
(6060, 'Villaverde de Íscar', 40),
(6061, 'Villaverde de Montejo', 40),
(6062, 'Villeguillo', 40),
(6063, 'Yanguas de Eresma', 40),
(6064, 'Zarzuela del Monte', 40),
(6065, 'Zarzuela del Pinar', 40),
(6066, 'Aguadulce', 41),
(6067, 'Alanís', 41),
(6068, 'Albaida del Aljarafe', 41),
(6069, 'Alcalá de Guadaíra', 41),
(6070, 'Alcalá del Río', 41),
(6071, 'Alcolea del Río', 41),
(6072, 'Algaba (La)', 41),
(6073, 'Algámitas', 41),
(6074, 'Almadén de la Plata', 41),
(6075, 'Almensilla', 41),
(6076, 'Arahal', 41),
(6077, 'Aznalcázar', 41),
(6078, 'Aznalcóllar', 41),
(6079, 'Badolatosa', 41),
(6080, 'Benacazón', 41),
(6081, 'Bollullos de la Mitación', 41),
(6082, 'Bormujos', 41),
(6083, 'Brenes', 41),
(6084, 'Burguillos', 41),
(6085, 'Cabezas de San Juan (Las)', 41),
(6086, 'Camas', 41),
(6087, 'Campana (La)', 41),
(6088, 'Cantillana', 41),
(6089, 'Cañada Rosal', 41),
(6090, 'Carmona', 41),
(6091, 'Carrión de los Céspedes', 41),
(6092, 'Casariche', 41),
(6093, 'Castilblanco de los Arroyos', 41),
(6094, 'Castilleja de Guzmán', 41),
(6095, 'Castilleja de la Cuesta', 41),
(6096, 'Castilleja del Campo', 41),
(6097, 'Castillo de las Guardas (El)', 41),
(6098, 'Cazalla de la Sierra', 41),
(6099, 'Constantina', 41),
(6100, 'Coria del Río', 41),
(6101, 'Coripe', 41),
(6102, 'Coronil (El)', 41),
(6103, 'Corrales (Los)', 41),
(6104, 'Cuervo de Sevilla (El)', 41),
(6105, 'Dos Hermanas', 41),
(6106, 'Écija', 41),
(6107, 'Espartinas', 41),
(6108, 'Estepa', 41),
(6109, 'Fuentes de Andalucía', 41),
(6110, 'Garrobo (El)', 41),
(6111, 'Gelves', 41),
(6112, 'Gerena', 41),
(6113, 'Gilena', 41),
(6114, 'Gines', 41),
(6115, 'Guadalcanal', 41),
(6116, 'Guillena', 41),
(6117, 'Herrera', 41),
(6118, 'Huévar del Aljarafe', 41),
(6119, 'Isla Mayor', 41),
(6120, 'Lantejuela (La)', 41),
(6121, 'Lebrija', 41),
(6122, 'Lora de Estepa', 41),
(6123, 'Lora del Río', 41),
(6124, 'Luisiana (La)', 41),
(6125, 'Madroño (El)', 41),
(6126, 'Mairena del Alcor', 41),
(6127, 'Mairena del Aljarafe', 41),
(6128, 'Marchena', 41),
(6129, 'Marinaleda', 41),
(6130, 'Martín de la Jara', 41),
(6131, 'Molares (Los)', 41),
(6132, 'Montellano', 41),
(6133, 'Morón de la Frontera', 41),
(6134, 'Navas de la Concepción (Las)', 41),
(6135, 'Olivares', 41),
(6136, 'Osuna', 41),
(6137, 'Palacios y Villafranca (Los)', 41),
(6138, 'Palomares del Río', 41),
(6139, 'Paradas', 41),
(6140, 'Pedrera', 41),
(6141, 'Pedroso (El)', 41),
(6142, 'Peñaflor', 41),
(6143, 'Pilas', 41),
(6144, 'Pruna', 41),
(6145, 'Puebla de Cazalla (La)', 41),
(6146, 'Puebla de los Infantes (La)', 41),
(6147, 'Puebla del Río (La)', 41),
(6148, 'Real de la Jara (El)', 41),
(6149, 'Rinconada (La)', 41),
(6150, 'Roda de Andalucía (La)', 41),
(6151, 'Ronquillo (El)', 41),
(6152, 'Rubio (El)', 41),
(6153, 'Salteras', 41),
(6154, 'San Juan de Aznalfarache', 41),
(6155, 'San Nicolás del Puerto', 41),
(6156, 'Sanlúcar la Mayor', 41),
(6157, 'Santiponce', 41),
(6158, 'Saucejo (El)', 41),
(6159, 'Sevilla', 41),
(6160, 'Tocina', 41),
(6161, 'Tomares', 41),
(6162, 'Umbrete', 41),
(6163, 'Utrera', 41),
(6164, 'Valencina de la Concepción', 41),
(6165, 'Villamanrique de la Condesa', 41),
(6166, 'Villanueva de San Juan', 41),
(6167, 'Villanueva del Ariscal', 41),
(6168, 'Villanueva del Río y Minas', 41),
(6169, 'Villaverde del Río', 41),
(6170, 'Viso del Alcor (El)', 41),
(6171, 'Abejar', 42),
(6172, 'Adradas', 42),
(6173, 'Ágreda', 42),
(6174, 'Alconaba', 42),
(6175, 'Alcubilla de Avellaneda', 42),
(6176, 'Alcubilla de las Peñas', 42),
(6177, 'Aldealafuente', 42),
(6178, 'Aldealices', 42),
(6179, 'Aldealpozo', 42),
(6180, 'Aldealseñor', 42),
(6181, 'Aldehuela de Periáñez', 42),
(6182, 'Aldehuelas (Las)', 42),
(6183, 'Alentisque', 42),
(6184, 'Aliud', 42),
(6185, 'Almajano', 42),
(6186, 'Almaluez', 42),
(6187, 'Almarza', 42),
(6188, 'Almazán', 42),
(6189, 'Almazul', 42),
(6190, 'Almenar de Soria', 42),
(6191, 'Alpanseque', 42),
(6192, 'Arancón', 42),
(6193, 'Arcos de Jalón', 42),
(6194, 'Arenillas', 42),
(6195, 'Arévalo de la Sierra', 42),
(6196, 'Ausejo de la Sierra', 42),
(6197, 'Baraona', 42),
(6198, 'Barca', 42),
(6199, 'Barcones', 42),
(6200, 'Bayubas de Abajo', 42),
(6201, 'Bayubas de Arriba', 42),
(6202, 'Beratón', 42),
(6203, 'Berlanga de Duero', 42),
(6204, 'Blacos', 42),
(6205, 'Bliecos', 42),
(6206, 'Borjabad', 42),
(6207, 'Borobia', 42),
(6208, 'Buberos', 42),
(6209, 'Buitrago', 42),
(6210, 'Burgo de Osma-Ciudad de Osma', 42),
(6211, 'Cabrejas del Campo', 42),
(6212, 'Cabrejas del Pinar', 42),
(6213, 'Calatañazor', 42),
(6214, 'Caltojar', 42),
(6215, 'Candilichera', 42),
(6216, 'Cañamaque', 42),
(6217, 'Carabantes', 42),
(6218, 'Caracena', 42),
(6219, 'Carrascosa de Abajo', 42),
(6220, 'Carrascosa de la Sierra', 42),
(6221, 'Casarejos', 42),
(6222, 'Castilfrío de la Sierra', 42),
(6223, 'Castillejo de Robledo', 42),
(6224, 'Castilruiz', 42),
(6225, 'Centenera de Andaluz', 42),
(6226, 'Cerbón', 42),
(6227, 'Cidones', 42),
(6228, 'Cigudosa', 42),
(6229, 'Cihuela', 42),
(6230, 'Ciria', 42),
(6231, 'Cirujales del Río', 42),
(6232, 'Coscurita', 42),
(6233, 'Covaleda', 42),
(6234, 'Cubilla', 42),
(6235, 'Cubo de la Solana', 42),
(6236, 'Cueva de Ágreda', 42),
(6237, 'Dévanos', 42),
(6238, 'Deza', 42),
(6239, 'Duruelo de la Sierra', 42),
(6240, 'Escobosa de Almazán', 42),
(6241, 'Espeja de San Marcelino', 42),
(6242, 'Espejón', 42),
(6243, 'Estepa de San Juan', 42),
(6244, 'Frechilla de Almazán', 42),
(6245, 'Fresno de Caracena', 42),
(6246, 'Fuentearmegil', 42),
(6247, 'Fuentecambrón', 42),
(6248, 'Fuentecantos', 42),
(6249, 'Fuentelmonge', 42),
(6250, 'Fuentelsaz de Soria', 42),
(6251, 'Fuentepinilla', 42),
(6252, 'Fuentes de Magaña', 42),
(6253, 'Fuentestrún', 42),
(6254, 'Garray', 42),
(6255, 'Golmayo', 42),
(6256, 'Gómara', 42),
(6257, 'Gormaz', 42),
(6258, 'Herrera de Soria', 42),
(6259, 'Hinojosa del Campo', 42),
(6260, 'Langa de Duero', 42),
(6261, 'Liceras', 42),
(6262, 'Losilla (La)', 42),
(6263, 'Magaña', 42),
(6264, 'Maján', 42),
(6265, 'Matalebreras', 42),
(6266, 'Matamala de Almazán', 42),
(6267, 'Medinaceli', 42),
(6268, 'Miño de Medinaceli', 42),
(6269, 'Miño de San Esteban', 42),
(6270, 'Molinos de Duero', 42),
(6271, 'Momblona', 42),
(6272, 'Monteagudo de las Vicarías', 42),
(6273, 'Montejo de Tiermes', 42),
(6274, 'Montenegro de Cameros', 42),
(6275, 'Morón de Almazán', 42),
(6276, 'Muriel de la Fuente', 42),
(6277, 'Muriel Viejo', 42),
(6278, 'Nafría de Ucero', 42),
(6279, 'Narros', 42),
(6280, 'Navaleno', 42),
(6281, 'Nepas', 42),
(6282, 'Nolay', 42),
(6283, 'Noviercas', 42),
(6284, 'Ólvega', 42),
(6285, 'Oncala', 42),
(6286, 'Pinilla del Campo', 42),
(6287, 'Portillo de Soria', 42),
(6288, 'Póveda de Soria (La)', 42),
(6289, 'Pozalmuro', 42),
(6290, 'Quintana Redonda', 42),
(6291, 'Quintanas de Gormaz', 42),
(6292, 'Quiñonería', 42),
(6293, 'Rábanos (Los)', 42),
(6294, 'Rebollar', 42),
(6295, 'Recuerda', 42),
(6296, 'Rello', 42),
(6297, 'Renieblas', 42),
(6298, 'Retortillo de Soria', 42),
(6299, 'Reznos', 42),
(6300, 'Riba de Escalote (La)', 42),
(6301, 'Rioseco de Soria', 42),
(6302, 'Rollamienta', 42),
(6303, 'Royo (El)', 42),
(6304, 'Salduero', 42),
(6305, 'San Esteban de Gormaz', 42),
(6306, 'San Felices', 42),
(6307, 'San Leonardo de Yagüe', 42),
(6308, 'San Pedro Manrique', 42),
(6309, 'Santa Cruz de Yanguas', 42),
(6310, 'Santa María de Huerta', 42),
(6311, 'Santa María de las Hoyas', 42),
(6312, 'Serón de Nágima', 42),
(6313, 'Soliedra', 42),
(6314, 'Soria', 42),
(6315, 'Sotillo del Rincón', 42),
(6316, 'Suellacabras', 42),
(6317, 'Tajahuerce', 42),
(6318, 'Tajueco', 42),
(6319, 'Talveila', 42),
(6320, 'Tardelcuende', 42),
(6321, 'Taroda', 42),
(6322, 'Tejado', 42),
(6323, 'Torlengua', 42),
(6324, 'Torreblacos', 42),
(6325, 'Torrubia de Soria', 42),
(6326, 'Trévago', 42),
(6327, 'Ucero', 42),
(6328, 'Vadillo', 42),
(6329, 'Valdeavellano de Tera', 42),
(6330, 'Valdegeña', 42),
(6331, 'Valdelagua del Cerro', 42),
(6332, 'Valdemaluque', 42),
(6333, 'Valdenebro', 42),
(6334, 'Valdeprado', 42),
(6335, 'Valderrodilla', 42),
(6336, 'Valtajeros', 42),
(6337, 'Velamazán', 42),
(6338, 'Velilla de la Sierra', 42),
(6339, 'Velilla de los Ajos', 42),
(6340, 'Viana de Duero', 42),
(6341, 'Villaciervos', 42),
(6342, 'Villanueva de Gormaz', 42),
(6343, 'Villar del Ala', 42),
(6344, 'Villar del Campo', 42),
(6345, 'Villar del Río', 42),
(6346, 'Villares de Soria (Los)', 42),
(6347, 'Villasayas', 42),
(6348, 'Villaseca de Arciel', 42),
(6349, 'Vinuesa', 42),
(6350, 'Vizmanos', 42),
(6351, 'Vozmediano', 42),
(6352, 'Yanguas', 42),
(6353, 'Yelo', 42),
(6354, 'Aiguamúrcia', 43),
(6355, 'Albinyana', 43),
(6356, 'Albiol (L'')', 43),
(6357, 'Alcanar', 43),
(6358, 'Alcover', 43),
(6359, 'Aldea (L'')', 43),
(6360, 'Aldover', 43),
(6361, 'Aleixar (L'')', 43),
(6362, 'Alfara de Carles', 43),
(6363, 'Alforja', 43),
(6364, 'Alió', 43),
(6365, 'Almoster', 43),
(6366, 'Altafulla', 43),
(6367, 'Ametlla de Mar (L'')', 43),
(6368, 'Ampolla (L'')', 43),
(6369, 'Amposta', 43),
(6370, 'Arboç (L'')', 43),
(6371, 'Arbolí', 43),
(6372, 'Argentera (L'')', 43),
(6373, 'Arnes', 43),
(6374, 'Ascó', 43),
(6375, 'Banyeres del Penedès', 43),
(6376, 'Barberà de la Conca', 43),
(6377, 'Batea', 43),
(6378, 'Bellmunt del Priorat', 43),
(6379, 'Bellvei', 43),
(6380, 'Benifallet', 43),
(6381, 'Benissanet', 43),
(6382, 'Bisbal de Falset (La)', 43),
(6383, 'Bisbal del Penedès (La)', 43),
(6384, 'Blancafort', 43),
(6385, 'Bonastre', 43),
(6386, 'Borges del Camp (Les)', 43),
(6387, 'Bot', 43),
(6388, 'Botarell', 43),
(6389, 'Bràfim', 43),
(6390, 'Cabacés', 43),
(6391, 'Cabra del Camp', 43),
(6392, 'Calafell', 43),
(6393, 'Camarles', 43),
(6394, 'Cambrils', 43),
(6395, 'Capafonts', 43),
(6396, 'Capçanes', 43),
(6397, 'Caseres', 43),
(6398, 'Castellvell del Camp', 43),
(6399, 'Catllar (El)', 43),
(6400, 'Colldejou', 43),
(6401, 'Conesa', 43),
(6402, 'Constantí', 43),
(6403, 'Corbera d''Ebre', 43),
(6404, 'Cornudella de Montsant', 43),
(6405, 'Creixell', 43),
(6406, 'Cunit', 43),
(6407, 'Deltebre', 43),
(6408, 'Duesaigües', 43),
(6409, 'Espluga de Francolí (L'')', 43),
(6410, 'Falset', 43),
(6411, 'Fatarella (La)', 43),
(6412, 'Febró (La)', 43),
(6413, 'Figuera (La)', 43),
(6414, 'Figuerola del Camp', 43),
(6415, 'Flix', 43),
(6416, 'Forès', 43),
(6417, 'Freginals', 43),
(6418, 'Galera (La)', 43),
(6419, 'Gandesa', 43),
(6420, 'Garcia', 43),
(6421, 'Garidells (Els)', 43),
(6422, 'Ginestar', 43),
(6423, 'Godall', 43),
(6424, 'Gratallops', 43),
(6425, 'Guiamets (Els)', 43),
(6426, 'Horta de Sant Joan', 43),
(6427, 'Lloar (El)', 43),
(6428, 'Llorac', 43),
(6429, 'Llorenç del Penedès', 43),
(6430, 'Marçà', 43),
(6431, 'Margalef', 43),
(6432, 'Mas de Barberans', 43),
(6433, 'Masdenverge', 43),
(6434, 'Masllorenç', 43),
(6435, 'Masó (La)', 43),
(6436, 'Maspujols', 43),
(6437, 'Masroig (El)', 43),
(6438, 'Milà (El)', 43),
(6439, 'Miravet', 43),
(6440, 'Molar (El)', 43),
(6441, 'Montblanc', 43),
(6442, 'Montbrió del Camp', 43),
(6443, 'Montferri', 43),
(6444, 'Montmell (El)', 43),
(6445, 'Mont-ral', 43),
(6446, 'Mont-roig del Camp', 43),
(6447, 'Móra d''Ebre', 43),
(6448, 'Móra la Nova', 43),
(6449, 'Morell (El)', 43),
(6450, 'Morera de Montsant (La)', 43),
(6451, 'Nou de Gaià (La)', 43),
(6452, 'Nulles', 43),
(6453, 'Pallaresos (Els)', 43),
(6454, 'Palma d''Ebre (La)', 43),
(6455, 'Passanant i Belltall', 43),
(6456, 'Paüls', 43),
(6457, 'Perafort', 43),
(6458, 'Perelló (El)', 43),
(6459, 'Piles (Les)', 43),
(6460, 'Pinell de Brai (El)', 43),
(6461, 'Pira', 43),
(6462, 'Pla de Santa Maria (El)', 43),
(6463, 'Pobla de Mafumet (La)', 43),
(6464, 'Pobla de Massaluca (La)', 43),
(6465, 'Pobla de Montornès (La)', 43),
(6466, 'Poboleda', 43),
(6467, 'Pont d''Armentera (El)', 43),
(6468, 'Pontils', 43),
(6469, 'Porrera', 43),
(6470, 'Pradell de la Teixeta', 43),
(6471, 'Prades', 43),
(6472, 'Prat de Comte', 43),
(6473, 'Pratdip', 43),
(6474, 'Puigpelat', 43),
(6475, 'Querol', 43),
(6476, 'Rasquera', 43),
(6477, 'Renau', 43),
(6478, 'Reus', 43),
(6479, 'Riba (La)', 43),
(6480, 'Riba-roja d''Ebre', 43),
(6481, 'Riera de Gaià (La)', 43),
(6482, 'Riudecanyes', 43),
(6483, 'Riudecols', 43),
(6484, 'Riudoms', 43),
(6485, 'Rocafort de Queralt', 43),
(6486, 'Roda de Barà', 43),
(6487, 'Rodonyà', 43),
(6488, 'Roquetes', 43),
(6489, 'Rourell (El)', 43),
(6490, 'Salomó', 43),
(6491, 'Salou', 43),
(6492, 'Sant Carles de la Ràpita', 43),
(6493, 'Sant Jaume dels Domenys', 43),
(6494, 'Sant Jaume d''Enveja', 43),
(6495, 'Santa Bàrbara', 43),
(6496, 'Santa Coloma de Queralt', 43),
(6497, 'Santa Oliva', 43),
(6498, 'Sarral', 43),
(6499, 'Savallà del Comtat', 43),
(6500, 'Secuita (La)', 43),
(6501, 'Selva del Camp (La)', 43),
(6502, 'Senan', 43),
(6503, 'Sénia (La)', 43),
(6504, 'Solivella', 43),
(6505, 'Tarragona', 43),
(6506, 'Tivenys', 43),
(6507, 'Tivissa', 43),
(6508, 'Torre de Fontaubella (La)', 43),
(6509, 'Torre de l''Espanyol (La)', 43),
(6510, 'Torredembarra', 43),
(6511, 'Torroja del Priorat', 43),
(6512, 'Tortosa', 43),
(6513, 'Ulldecona', 43),
(6514, 'Ulldemolins', 43),
(6515, 'Vallclara', 43),
(6516, 'Vallfogona de Riucorb', 43),
(6517, 'Vallmoll', 43),
(6518, 'Valls', 43),
(6519, 'Vandellòs i l''Hospitalet de l''Infant', 43),
(6520, 'Vendrell (El)', 43),
(6521, 'Vespella de Gaià', 43),
(6522, 'Vilabella', 43),
(6523, 'Vilalba dels Arcs', 43),
(6524, 'Vilallonga del Camp', 43),
(6525, 'Vilanova de Prades', 43),
(6526, 'Vilanova d''Escornalbou', 43),
(6527, 'Vilaplana', 43),
(6528, 'Vila-rodona', 43),
(6529, 'Vila-seca', 43),
(6530, 'Vilaverd', 43),
(6531, 'Vilella Alta (La)', 43),
(6532, 'Vilella Baixa (La)', 43),
(6533, 'Vimbodí i Poblet', 43),
(6534, 'Vinebre', 43),
(6535, 'Vinyols i els Arcs', 43),
(6536, 'Xerta', 43),
(6537, 'Ababuj', 44),
(6538, 'Abejuela', 44),
(6539, 'Aguatón', 44),
(6540, 'Aguaviva', 44),
(6541, 'Aguilar del Alfambra', 44),
(6542, 'Alacón', 44),
(6543, 'Alba', 44),
(6544, 'Albalate del Arzobispo', 44),
(6545, 'Albarracín', 44),
(6546, 'Albentosa', 44),
(6547, 'Alcaine', 44),
(6548, 'Alcalá de la Selva', 44),
(6549, 'Alcañiz', 44),
(6550, 'Alcorisa', 44),
(6551, 'Alfambra', 44),
(6552, 'Aliaga', 44),
(6553, 'Allepuz', 44),
(6554, 'Alloza', 44),
(6555, 'Allueva', 44),
(6556, 'Almohaja', 44),
(6557, 'Alobras', 44),
(6558, 'Alpeñés', 44),
(6559, 'Anadón', 44),
(6560, 'Andorra', 44),
(6561, 'Arcos de las Salinas', 44),
(6562, 'Arens de Lledó', 44),
(6563, 'Argente', 44),
(6564, 'Ariño', 44),
(6565, 'Azaila', 44),
(6566, 'Bádenas', 44),
(6567, 'Báguena', 44),
(6568, 'Bañón', 44),
(6569, 'Barrachina', 44),
(6570, 'Bea', 44),
(6571, 'Beceite', 44),
(6572, 'Bello', 44),
(6573, 'Belmonte de San José', 44),
(6574, 'Berge', 44),
(6575, 'Bezas', 44),
(6576, 'Blancas', 44),
(6577, 'Blesa', 44),
(6578, 'Bordón', 44),
(6579, 'Bronchales', 44),
(6580, 'Bueña', 44),
(6581, 'Burbáguena', 44),
(6582, 'Cabra de Mora', 44),
(6583, 'Calaceite', 44),
(6584, 'Calamocha', 44),
(6585, 'Calanda', 44),
(6586, 'Calomarde', 44),
(6587, 'Camañas', 44),
(6588, 'Camarena de la Sierra', 44),
(6589, 'Camarillas', 44),
(6590, 'Caminreal', 44),
(6591, 'Cantavieja', 44),
(6592, 'Cañada de Benatanduz', 44),
(6593, 'Cañada de Verich (La)', 44),
(6594, 'Cañada Vellida', 44),
(6595, 'Cañizar del Olivar', 44),
(6596, 'Cascante del Río', 44),
(6597, 'Castejón de Tornos', 44),
(6598, 'Castel de Cabra', 44),
(6599, 'Castellar (El)', 44),
(6600, 'Castellote', 44),
(6601, 'Castelnou', 44),
(6602, 'Castelserás', 44),
(6603, 'Cedrillas', 44),
(6604, 'Celadas', 44),
(6605, 'Cella', 44),
(6606, 'Cerollera (La)', 44),
(6607, 'Codoñera (La)', 44),
(6608, 'Corbalán', 44),
(6609, 'Cortes de Aragón', 44),
(6610, 'Cosa', 44),
(6611, 'Cretas', 44),
(6612, 'Crivillén', 44),
(6613, 'Cuba (La)', 44),
(6614, 'Cubla', 44),
(6615, 'Cucalón', 44),
(6616, 'Cuervo (El)', 44),
(6617, 'Cuevas de Almudén', 44),
(6618, 'Cuevas Labradas', 44),
(6619, 'Ejulve', 44),
(6620, 'Escorihuela', 44),
(6621, 'Escucha', 44),
(6622, 'Estercuel', 44),
(6623, 'Ferreruela de Huerva', 44),
(6624, 'Fonfría', 44),
(6625, 'Formiche Alto', 44),
(6626, 'Fórnoles', 44),
(6627, 'Fortanete', 44),
(6628, 'Foz-Calanda', 44),
(6629, 'Fresneda (La)', 44),
(6630, 'Frías de Albarracín', 44),
(6631, 'Fuenferrada', 44),
(6632, 'Fuentes Calientes', 44),
(6633, 'Fuentes Claras', 44),
(6634, 'Fuentes de Rubielos', 44),
(6635, 'Fuentespalda', 44),
(6636, 'Galve', 44),
(6637, 'Gargallo', 44),
(6638, 'Gea de Albarracín', 44),
(6639, 'Ginebrosa (La)', 44),
(6640, 'Griegos', 44),
(6641, 'Guadalaviar', 44),
(6642, 'Gúdar', 44),
(6643, 'Híjar', 44),
(6644, 'Hinojosa de Jarque', 44),
(6645, 'Hoz de la Vieja (La)', 44),
(6646, 'Huesa del Común', 44),
(6647, 'Iglesuela del Cid (La)', 44),
(6648, 'Jabaloyas', 44),
(6649, 'Jarque de la Val', 44),
(6650, 'Jatiel', 44),
(6651, 'Jorcas', 44),
(6652, 'Josa', 44),
(6653, 'Lagueruela', 44),
(6654, 'Lanzuela', 44),
(6655, 'Libros', 44),
(6656, 'Lidón', 44),
(6657, 'Linares de Mora', 44),
(6658, 'Lledó', 44),
(6659, 'Loscos', 44),
(6660, 'Maicas', 44),
(6661, 'Manzanera', 44),
(6662, 'Martín del Río', 44),
(6663, 'Mas de las Matas', 44),
(6664, 'Mata de los Olmos (La)', 44),
(6665, 'Mazaleón', 44),
(6666, 'Mezquita de Jarque', 44),
(6667, 'Mirambel', 44),
(6668, 'Miravete de la Sierra', 44),
(6669, 'Molinos', 44),
(6670, 'Monforte de Moyuela', 44),
(6671, 'Monreal del Campo', 44),
(6672, 'Monroyo', 44),
(6673, 'Montalbán', 44),
(6674, 'Monteagudo del Castillo', 44),
(6675, 'Monterde de Albarracín', 44),
(6676, 'Mora de Rubielos', 44),
(6677, 'Moscardón', 44),
(6678, 'Mosqueruela', 44),
(6679, 'Muniesa', 44),
(6680, 'Noguera de Albarracín', 44),
(6681, 'Nogueras', 44),
(6682, 'Nogueruelas', 44),
(6683, 'Obón', 44),
(6684, 'Odón', 44),
(6685, 'Ojos Negros', 44),
(6686, 'Olba', 44),
(6687, 'Oliete', 44),
(6688, 'Olmos (Los)', 44),
(6689, 'Orihuela del Tremedal', 44),
(6690, 'Orrios', 44),
(6691, 'Palomar de Arroyos', 44),
(6692, 'Pancrudo', 44),
(6693, 'Parras de Castellote (Las)', 44),
(6694, 'Peñarroya de Tastavins', 44),
(6695, 'Peracense', 44),
(6696, 'Peralejos', 44),
(6697, 'Perales del Alfambra', 44),
(6698, 'Pitarque', 44),
(6699, 'Plou', 44),
(6700, 'Pobo (El)', 44),
(6701, 'Portellada (La)', 44),
(6702, 'Pozondón', 44),
(6703, 'Pozuel del Campo', 44),
(6704, 'Puebla de Híjar (La)', 44),
(6705, 'Puebla de Valverde (La)', 44),
(6706, 'Puertomingalvo', 44),
(6707, 'Ráfales', 44),
(6708, 'Rillo', 44),
(6709, 'Riodeva', 44),
(6710, 'Ródenas', 44),
(6711, 'Royuela', 44),
(6712, 'Rubiales', 44),
(6713, 'Rubielos de la Cérida', 44),
(6714, 'Rubielos de Mora', 44),
(6715, 'Salcedillo', 44),
(6716, 'Saldón', 44),
(6717, 'Samper de Calanda', 44),
(6718, 'San Agustín', 44),
(6719, 'San Martín del Río', 44),
(6720, 'Santa Cruz de Nogueras', 44),
(6721, 'Santa Eulalia', 44),
(6722, 'Sarrión', 44),
(6723, 'Segura de los Baños', 44),
(6724, 'Seno', 44),
(6725, 'Singra', 44),
(6726, 'Terriente', 44),
(6727, 'Teruel', 44),
(6728, 'Toril y Masegoso', 44),
(6729, 'Tormón', 44),
(6730, 'Tornos', 44),
(6731, 'Torralba de los Sisones', 44),
(6732, 'Torre de Arcas', 44),
(6733, 'Torre de las Arcas', 44),
(6734, 'Torre del Compte', 44),
(6735, 'Torre los Negros', 44),
(6736, 'Torrecilla de Alcañiz', 44),
(6737, 'Torrecilla del Rebollar', 44),
(6738, 'Torrelacárcel', 44),
(6739, 'Torremocha de Jiloca', 44),
(6740, 'Torres de Albarracín', 44),
(6741, 'Torrevelilla', 44),
(6742, 'Torrijas', 44),
(6743, 'Torrijo del Campo', 44),
(6744, 'Tramacastiel', 44),
(6745, 'Tramacastilla', 44),
(6746, 'Tronchón', 44),
(6747, 'Urrea de Gaén', 44),
(6748, 'Utrillas', 44),
(6749, 'Valacloche', 44),
(6750, 'Valbona', 44),
(6751, 'Valdealgorfa', 44),
(6752, 'Valdecuenca', 44),
(6753, 'Valdelinares', 44),
(6754, 'Valdeltormo', 44),
(6755, 'Valderrobres', 44),
(6756, 'Valjunquera', 44),
(6757, 'Vallecillo (El)', 44),
(6758, 'Veguillas de la Sierra', 44),
(6759, 'Villafranca del Campo', 44),
(6760, 'Villahermosa del Campo', 44),
(6761, 'Villanueva del Rebollar de la Sierra', 44),
(6762, 'Villar del Cobo', 44),
(6763, 'Villar del Salz', 44),
(6764, 'Villarluengo', 44),
(6765, 'Villarquemado', 44),
(6766, 'Villarroya de los Pinares', 44),
(6767, 'Villastar', 44),
(6768, 'Villel', 44),
(6769, 'Vinaceite', 44),
(6770, 'Visiedo', 44),
(6771, 'Vivel del Río Martín', 44),
(6772, 'Zoma (La)', 44),
(6773, 'Ajofrín', 45),
(6774, 'Alameda de la Sagra', 45),
(6775, 'Albarreal de Tajo', 45),
(6776, 'Alcabón', 45),
(6777, 'Alcañizo', 45),
(6778, 'Alcaudete de la Jara', 45),
(6779, 'Alcolea de Tajo', 45),
(6780, 'Aldea en Cabo', 45),
(6781, 'Aldeanueva de Barbarroya', 45),
(6782, 'Aldeanueva de San Bartolomé', 45),
(6783, 'Almendral de la Cañada', 45),
(6784, 'Almonacid de Toledo', 45),
(6785, 'Almorox', 45),
(6786, 'Añover de Tajo', 45),
(6787, 'Arcicóllar', 45),
(6788, 'Argés', 45),
(6789, 'Azután', 45),
(6790, 'Barcience', 45),
(6791, 'Bargas', 45),
(6792, 'Belvís de la Jara', 45),
(6793, 'Borox', 45),
(6794, 'Buenaventura', 45),
(6795, 'Burguillos de Toledo', 45),
(6796, 'Burujón', 45),
(6797, 'Cabañas de la Sagra', 45),
(6798, 'Cabañas de Yepes', 45),
(6799, 'Cabezamesada', 45),
(6800, 'Calera y Chozas', 45),
(6801, 'Caleruela', 45),
(6802, 'Calzada de Oropesa', 45),
(6803, 'Camarena', 45),
(6804, 'Camarenilla', 45),
(6805, 'Campillo de la Jara (El)', 45),
(6806, 'Camuñas', 45),
(6807, 'Cardiel de los Montes', 45),
(6808, 'Carmena', 45),
(6809, 'Carpio de Tajo (El)', 45),
(6810, 'Carranque', 45),
(6811, 'Carriches', 45),
(6812, 'Casar de Escalona (El)', 45),
(6813, 'Casarrubios del Monte', 45),
(6814, 'Casasbuenas', 45),
(6815, 'Castillo de Bayuela', 45),
(6816, 'Cazalegas', 45),
(6817, 'Cebolla', 45),
(6818, 'Cedillo del Condado', 45),
(6819, 'Cerralbos (Los)', 45),
(6820, 'Cervera de los Montes', 45),
(6821, 'Chozas de Canales', 45),
(6822, 'Chueca', 45),
(6823, 'Ciruelos', 45),
(6824, 'Cobeja', 45),
(6825, 'Cobisa', 45),
(6826, 'Consuegra', 45),
(6827, 'Corral de Almaguer', 45),
(6828, 'Cuerva', 45),
(6829, 'Domingo Pérez', 45),
(6830, 'Dosbarrios', 45),
(6831, 'Erustes', 45),
(6832, 'Escalona', 45),
(6833, 'Escalonilla', 45),
(6834, 'Espinoso del Rey', 45),
(6835, 'Esquivias', 45),
(6836, 'Estrella (La)', 45),
(6837, 'Fuensalida', 45),
(6838, 'Gálvez', 45),
(6839, 'Garciotum', 45),
(6840, 'Gerindote', 45),
(6841, 'Guadamur', 45),
(6842, 'Guardia (La)', 45),
(6843, 'Herencias (Las)', 45),
(6844, 'Herreruela de Oropesa', 45),
(6845, 'Hinojosa de San Vicente', 45),
(6846, 'Hontanar', 45),
(6847, 'Hormigos', 45),
(6848, 'Huecas', 45),
(6849, 'Huerta de Valdecarábanos', 45),
(6850, 'Iglesuela (La)', 45),
(6851, 'Illán de Vacas', 45),
(6852, 'Illescas', 45),
(6853, 'Lagartera', 45),
(6854, 'Layos', 45),
(6855, 'Lillo', 45),
(6856, 'Lominchar', 45),
(6857, 'Lucillos', 45),
(6858, 'Madridejos', 45),
(6859, 'Magán', 45),
(6860, 'Malpica de Tajo', 45),
(6861, 'Manzaneque', 45),
(6862, 'Maqueda', 45),
(6863, 'Marjaliza', 45),
(6864, 'Marrupe', 45),
(6865, 'Mascaraque', 45),
(6866, 'Mata (La)', 45),
(6867, 'Mazarambroz', 45),
(6868, 'Mejorada', 45),
(6869, 'Menasalbas', 45),
(6870, 'Méntrida', 45),
(6871, 'Mesegar de Tajo', 45),
(6872, 'Miguel Esteban', 45),
(6873, 'Mocejón', 45),
(6874, 'Mohedas de la Jara', 45),
(6875, 'Montearagón', 45),
(6876, 'Montesclaros', 45),
(6877, 'Mora', 45),
(6878, 'Nambroca', 45),
(6879, 'Nava de Ricomalillo (La)', 45),
(6880, 'Navahermosa', 45),
(6881, 'Navalcán', 45),
(6882, 'Navalmoralejo', 45),
(6883, 'Navalmorales (Los)', 45),
(6884, 'Navalucillos (Los)', 45),
(6885, 'Navamorcuende', 45),
(6886, 'Noblejas', 45),
(6887, 'Noez', 45),
(6888, 'Nombela', 45),
(6889, 'Novés', 45),
(6890, 'Numancia de la Sagra', 45),
(6891, 'Nuño Gómez', 45),
(6892, 'Ocaña', 45),
(6893, 'Olías del Rey', 45),
(6894, 'Ontígola', 45),
(6895, 'Orgaz', 45),
(6896, 'Oropesa', 45),
(6897, 'Otero', 45),
(6898, 'Palomeque', 45),
(6899, 'Pantoja', 45),
(6900, 'Paredes de Escalona', 45),
(6901, 'Parrillas', 45),
(6902, 'Pelahustán', 45),
(6903, 'Pepino', 45),
(6904, 'Polán', 45),
(6905, 'Portillo de Toledo', 45),
(6906, 'Puebla de Almoradiel (La)', 45),
(6907, 'Puebla de Montalbán (La)', 45),
(6908, 'Pueblanueva (La)', 45),
(6909, 'Puente del Arzobispo (El)', 45),
(6910, 'Puerto de San Vicente', 45),
(6911, 'Pulgar', 45),
(6912, 'Quero', 45),
(6913, 'Quintanar de la Orden', 45),
(6914, 'Quismondo', 45),
(6915, 'Real de San Vicente (El)', 45),
(6916, 'Recas', 45),
(6917, 'Retamoso de la Jara', 45),
(6918, 'Rielves', 45),
(6919, 'Robledo del Mazo', 45),
(6920, 'Romeral (El)', 45),
(6921, 'San Bartolomé de las Abiertas', 45),
(6922, 'San Martín de Montalbán', 45),
(6923, 'San Martín de Pusa', 45),
(6924, 'San Pablo de los Montes', 45),
(6925, 'San Román de los Montes', 45),
(6926, 'Santa Ana de Pusa', 45),
(6927, 'Santa Cruz de la Zarza', 45),
(6928, 'Santa Cruz del Retamar', 45),
(6929, 'Santa Olalla', 45),
(6930, 'Santo Domingo-Caudilla', 45),
(6931, 'Sartajada', 45),
(6932, 'Segurilla', 45),
(6933, 'Seseña', 45),
(6934, 'Sevilleja de la Jara', 45),
(6935, 'Sonseca', 45),
(6936, 'Sotillo de las Palomas', 45),
(6937, 'Talavera de la Reina', 45),
(6938, 'Tembleque', 45),
(6939, 'Toboso (El)', 45),
(6940, 'Toledo', 45),
(6941, 'Torralba de Oropesa', 45),
(6942, 'Torre de Esteban Hambrán (La)', 45),
(6943, 'Torrecilla de la Jara', 45),
(6944, 'Torrico', 45),
(6945, 'Torrijos', 45),
(6946, 'Totanés', 45),
(6947, 'Turleque', 45),
(6948, 'Ugena', 45),
(6949, 'Urda', 45),
(6950, 'Valdeverdeja', 45),
(6951, 'Valmojado', 45),
(6952, 'Velada', 45),
(6953, 'Ventas con Peña Aguilera (Las)', 45),
(6954, 'Ventas de Retamosa (Las)', 45),
(6955, 'Ventas de San Julián (Las)', 45),
(6956, 'Villa de Don Fadrique (La)', 45),
(6957, 'Villacañas', 45),
(6958, 'Villafranca de los Caballeros', 45),
(6959, 'Villaluenga de la Sagra', 45),
(6960, 'Villamiel de Toledo', 45),
(6961, 'Villaminaya', 45),
(6962, 'Villamuelas', 45),
(6963, 'Villanueva de Alcardete', 45),
(6964, 'Villanueva de Bogas', 45),
(6965, 'Villarejo de Montalbán', 45),
(6966, 'Villarrubia de Santiago', 45),
(6967, 'Villaseca de la Sagra', 45),
(6968, 'Villasequilla', 45),
(6969, 'Villatobas', 45),
(6970, 'Viso de San Juan (El)', 45),
(6971, 'Yébenes (Los)', 45),
(6972, 'Yeles', 45),
(6973, 'Yepes', 45),
(6974, 'Yuncler', 45),
(6975, 'Yunclillos', 45),
(6976, 'Yuncos', 45),
(6977, 'Ademuz', 46),
(6978, 'Ador', 46),
(6979, 'Agullent', 46),
(6980, 'Aielo de Malferit', 46),
(6981, 'Aielo de Rugat', 46),
(6982, 'Alaquàs', 46),
(6983, 'Albaida', 46),
(6984, 'Albal', 46),
(6985, 'Albalat de la Ribera', 46),
(6986, 'Albalat dels Sorells', 46),
(6987, 'Albalat dels Tarongers', 46),
(6988, 'Alberic', 46),
(6989, 'Alborache', 46),
(6990, 'Alboraya', 46),
(6991, 'Albuixech', 46),
(6992, 'Alcàntera de Xúquer', 46),
(6993, 'Alcàsser', 46),
(6994, 'Alcublas', 46),
(6995, 'Alcúdia (l'')', 46),
(6996, 'Alcúdia de Crespins (l'')', 46),
(6997, 'Aldaia', 46),
(6998, 'Alfafar', 46),
(6999, 'Alfara de Algimia', 46),
(7000, 'Alfara del Patriarca', 46),
(7001, 'Alfarp', 46),
(7002, 'Alfarrasí', 46),
(7003, 'Alfauir', 46),
(7004, 'Algar de Palancia', 46),
(7005, 'Algemesí', 46),
(7006, 'Algimia de Alfara', 46),
(7007, 'Alginet', 46),
(7008, 'Almàssera', 46),
(7009, 'Almiserà', 46),
(7010, 'Almoines', 46),
(7011, 'Almussafes', 46),
(7012, 'Alpuente', 46),
(7013, 'Alqueria de la Comtessa (l'')', 46),
(7014, 'Alzira', 46),
(7015, 'Andilla', 46),
(7016, 'Anna', 46),
(7017, 'Antella', 46),
(7018, 'Aras de los Olmos', 46),
(7019, 'Atzeneta d''Albaida', 46),
(7020, 'Ayora', 46),
(7021, 'Barx', 46),
(7022, 'Barxeta', 46),
(7023, 'Bèlgida', 46),
(7024, 'Bellreguard', 46),
(7025, 'Bellús', 46),
(7026, 'Benagéber', 46),
(7027, 'Benaguasil', 46),
(7028, 'Benavites', 46),
(7029, 'Beneixida', 46),
(7030, 'Benetússer', 46),
(7031, 'Beniarjó', 46),
(7032, 'Beniatjar', 46),
(7033, 'Benicolet', 46),
(7034, 'Benicull de Xúquer', 46),
(7035, 'Benifaió', 46),
(7036, 'Benifairó de la Valldigna', 46),
(7037, 'Benifairó de les Valls', 46),
(7038, 'Beniflá', 46),
(7039, 'Benigánim', 46),
(7040, 'Benimodo', 46),
(7041, 'Benimuslem', 46),
(7042, 'Beniparrell', 46),
(7043, 'Benirredrà', 46),
(7044, 'Benisanó', 46),
(7045, 'Benissoda', 46),
(7046, 'Benisuera', 46),
(7047, 'Bétera', 46),
(7048, 'Bicorp', 46),
(7049, 'Bocairent', 46),
(7050, 'Bolbaite', 46),
(7051, 'Bonrepòs i Mirambell', 46),
(7052, 'Bufali', 46),
(7053, 'Bugarra', 46),
(7054, 'Buñol', 46),
(7055, 'Burjassot', 46),
(7056, 'Calles', 46),
(7057, 'Camporrobles', 46),
(7058, 'Canals', 46),
(7059, 'Canet d''En Berenguer', 46),
(7060, 'Carcaixent', 46),
(7061, 'Càrcer', 46),
(7062, 'Carlet', 46),
(7063, 'Carrícola', 46),
(7064, 'Casas Altas', 46),
(7065, 'Casas Bajas', 46),
(7066, 'Casinos', 46),
(7067, 'Castelló de Rugat', 46),
(7068, 'Castellonet de la Conquesta', 46),
(7069, 'Castielfabib', 46),
(7070, 'Catadau', 46),
(7071, 'Catarroja', 46),
(7072, 'Caudete de las Fuentes', 46),
(7073, 'Cerdà', 46),
(7074, 'Chella', 46),
(7075, 'Chelva', 46),
(7076, 'Chera', 46),
(7077, 'Cheste', 46),
(7078, 'Chiva', 46),
(7079, 'Chulilla', 46),
(7080, 'Cofrentes', 46),
(7081, 'Corbera', 46),
(7082, 'Cortes de Pallás', 46),
(7083, 'Cotes', 46),
(7084, 'Cullera', 46),
(7085, 'Daimús', 46),
(7086, 'Domeño', 46),
(7087, 'Dos Aguas', 46),
(7088, 'Eliana (l'')', 46),
(7089, 'Emperador', 46),
(7090, 'Enguera', 46),
(7091, 'Ènova (l'')', 46),
(7092, 'Estivella', 46),
(7093, 'Estubeny', 46),
(7094, 'Faura', 46),
(7095, 'Favara', 46),
(7096, 'Foios', 46),
(7097, 'Font de la Figuera (la)', 46),
(7098, 'Font d''En Carròs (la)', 46),
(7099, 'Fontanars dels Alforins', 46),
(7100, 'Fortaleny', 46),
(7101, 'Fuenterrobles', 46),
(7102, 'Gandia', 46),
(7103, 'Gátova', 46),
(7104, 'Gavarda', 46),
(7105, 'Genovés', 46),
(7106, 'Gestalgar', 46),
(7107, 'Gilet', 46),
(7108, 'Godella', 46),
(7109, 'Godelleta', 46),
(7110, 'Granja de la Costera (la)', 46),
(7111, 'Guadasequies', 46),
(7112, 'Guadassuar', 46),
(7113, 'Guardamar de la Safor', 46),
(7114, 'Higueruelas', 46),
(7115, 'Jalance', 46),
(7116, 'Jarafuel', 46),
(7117, 'Llanera de Ranes', 46),
(7118, 'Llaurí', 46),
(7119, 'Llíria', 46),
(7120, 'Llocnou de la Corona', 46),
(7121, 'Llocnou de Sant Jeroni', 46),
(7122, 'Llocnou d''En Fenollet', 46),
(7123, 'Llombai', 46),
(7124, 'Llosa de Ranes (la)', 46),
(7125, 'Llutxent', 46),
(7126, 'Loriguilla', 46),
(7127, 'Losa del Obispo', 46),
(7128, 'Macastre', 46),
(7129, 'Manises', 46),
(7130, 'Manuel', 46),
(7131, 'Marines', 46),
(7132, 'Masalavés', 46),
(7133, 'Massalfassar', 46),
(7134, 'Massamagrell', 46),
(7135, 'Massanassa', 46),
(7136, 'Meliana', 46),
(7137, 'Millares', 46),
(7138, 'Miramar', 46),
(7139, 'Mislata', 46),
(7140, 'Mogente/Moixent', 46),
(7141, 'Moncada', 46),
(7142, 'Montaverner', 46),
(7143, 'Montesa', 46),
(7144, 'Montichelvo', 46),
(7145, 'Montroy', 46),
(7146, 'Montserrat', 46),
(7147, 'Museros', 46),
(7148, 'Náquera', 46),
(7149, 'Navarrés', 46),
(7150, 'Novelé/Novetlè', 46),
(7151, 'Oliva', 46),
(7152, 'Olleria (l'')', 46),
(7153, 'Olocau', 46),
(7154, 'Ontinyent', 46),
(7155, 'Otos', 46),
(7156, 'Paiporta', 46),
(7157, 'Palma de Gandía', 46),
(7158, 'Palmera', 46),
(7159, 'Palomar (el)', 46),
(7160, 'Paterna', 46),
(7161, 'Pedralba', 46),
(7162, 'Petrés', 46),
(7163, 'Picanya', 46),
(7164, 'Picassent', 46),
(7165, 'Piles', 46),
(7166, 'Pinet', 46),
(7167, 'Pobla de Farnals (la)', 46),
(7168, 'Pobla de Vallbona (la)', 46),
(7169, 'Pobla del Duc (la)', 46),
(7170, 'Pobla Llarga (la)', 46),
(7171, 'Polinyà de Xúquer', 46),
(7172, 'Potríes', 46),
(7173, 'Puçol', 46),
(7174, 'Puebla de San Miguel', 46),
(7175, 'Puig', 46),
(7176, 'Quart de les Valls', 46),
(7177, 'Quart de Poblet', 46),
(7178, 'Quartell', 46),
(7179, 'Quatretonda', 46),
(7180, 'Quesa', 46),
(7181, 'Rafelbuñol/Rafelbunyol', 46),
(7182, 'Rafelcofer', 46),
(7183, 'Rafelguaraf', 46),
(7184, 'Ráfol de Salem', 46),
(7185, 'Real de Gandía', 46),
(7186, 'Real de Montroi', 46),
(7187, 'Requena', 46),
(7188, 'Riba-roja de Túria', 46),
(7189, 'Riola', 46),
(7190, 'Rocafort', 46),
(7191, 'Rotglà i Corberà', 46),
(7192, 'Rótova', 46),
(7193, 'Rugat', 46),
(7194, 'Sagunto/Sagunt', 46),
(7195, 'Salem', 46),
(7196, 'San Antonio de Benagéber', 46),
(7197, 'San Juan de Énova', 46),
(7198, 'Sedaví', 46),
(7199, 'Segart', 46),
(7200, 'Sellent', 46),
(7201, 'Sempere', 46),
(7202, 'Senyera', 46),
(7203, 'Serra', 46),
(7204, 'Siete Aguas', 46),
(7205, 'Silla', 46),
(7206, 'Simat de la Valldigna', 46),
(7207, 'Sinarcas', 46),
(7208, 'Sollana', 46),
(7209, 'Sot de Chera', 46),
(7210, 'Sueca', 46),
(7211, 'Sumacàrcer', 46),
(7212, 'Tavernes Blanques', 46),
(7213, 'Tavernes de la Valldigna', 46),
(7214, 'Teresa de Cofrentes', 46),
(7215, 'Terrateig', 46),
(7216, 'Titaguas', 46),
(7217, 'Torrebaja', 46),
(7218, 'Torrella', 46),
(7219, 'Torrent', 46),
(7220, 'Torres Torres', 46),
(7221, 'Tous', 46),
(7222, 'Tuéjar', 46),
(7223, 'Turís', 46),
(7224, 'Utiel', 46),
(7225, 'Valencia', 46),
(7226, 'Vallada', 46),
(7227, 'Vallanca', 46),
(7228, 'Vallés', 46),
(7229, 'Venta del Moro', 46),
(7230, 'Vilamarxant', 46),
(7231, 'Villalonga', 46),
(7232, 'Villanueva de Castellón', 46),
(7233, 'Villar del Arzobispo', 46),
(7234, 'Villargordo del Cabriel', 46),
(7235, 'Vinalesa', 46),
(7236, 'Xàtiva', 46),
(7237, 'Xeraco', 46),
(7238, 'Xeresa', 46),
(7239, 'Xirivella', 46),
(7240, 'Yátova', 46),
(7241, 'Yesa (La)', 46),
(7242, 'Zarra', 46),
(7243, 'Adalia', 47),
(7244, 'Aguasal', 47),
(7245, 'Aguilar de Campos', 47),
(7246, 'Alaejos', 47),
(7247, 'Alcazarén', 47),
(7248, 'Aldea de San Miguel', 47),
(7249, 'Aldeamayor de San Martín', 47),
(7250, 'Almenara de Adaja', 47),
(7251, 'Amusquillo', 47),
(7252, 'Arroyo de la Encomienda', 47),
(7253, 'Ataquines', 47),
(7254, 'Bahabón', 47),
(7255, 'Barcial de la Loma', 47),
(7256, 'Barruelo del Valle', 47),
(7257, 'Becilla de Valderaduey', 47),
(7258, 'Benafarces', 47),
(7259, 'Bercero', 47),
(7260, 'Berceruelo', 47),
(7261, 'Berrueces', 47),
(7262, 'Bobadilla del Campo', 47),
(7263, 'Bocigas', 47),
(7264, 'Bocos de Duero', 47),
(7265, 'Boecillo', 47),
(7266, 'Bolaños de Campos', 47),
(7267, 'Brahojos de Medina', 47),
(7268, 'Bustillo de Chaves', 47),
(7269, 'Cabezón de Pisuerga', 47),
(7270, 'Cabezón de Valderaduey', 47),
(7271, 'Cabreros del Monte', 47),
(7272, 'Campaspero', 47),
(7273, 'Campillo (El)', 47),
(7274, 'Camporredondo', 47),
(7275, 'Canalejas de Peñafiel', 47),
(7276, 'Canillas de Esgueva', 47),
(7277, 'Carpio', 47),
(7278, 'Casasola de Arión', 47),
(7279, 'Castrejón de Trabancos', 47),
(7280, 'Castrillo de Duero', 47),
(7281, 'Castrillo-Tejeriego', 47),
(7282, 'Castrobol', 47),
(7283, 'Castrodeza', 47),
(7284, 'Castromembibre', 47),
(7285, 'Castromonte', 47),
(7286, 'Castronuevo de Esgueva', 47),
(7287, 'Castronuño', 47),
(7288, 'Castroponce', 47),
(7289, 'Castroverde de Cerrato', 47),
(7290, 'Ceinos de Campos', 47),
(7291, 'Cervillego de la Cruz', 47),
(7292, 'Cigales', 47),
(7293, 'Ciguñuela', 47),
(7294, 'Cistérniga', 47),
(7295, 'Cogeces de Íscar', 47),
(7296, 'Cogeces del Monte', 47),
(7297, 'Corcos', 47),
(7298, 'Corrales de Duero', 47),
(7299, 'Cubillas de Santa Marta', 47),
(7300, 'Cuenca de Campos', 47),
(7301, 'Curiel de Duero', 47),
(7302, 'Encinas de Esgueva', 47),
(7303, 'Esguevillas de Esgueva', 47),
(7304, 'Fombellida', 47),
(7305, 'Fompedraza', 47),
(7306, 'Fontihoyuelo', 47),
(7307, 'Fresno el Viejo', 47),
(7308, 'Fuensaldaña', 47),
(7309, 'Fuente el Sol', 47),
(7310, 'Fuente-Olmedo', 47),
(7311, 'Gallegos de Hornija', 47),
(7312, 'Gatón de Campos', 47),
(7313, 'Geria', 47),
(7314, 'Herrín de Campos', 47),
(7315, 'Hornillos de Eresma', 47),
(7316, 'Íscar', 47),
(7317, 'Laguna de Duero', 47),
(7318, 'Langayo', 47),
(7319, 'Llano de Olmedo', 47),
(7320, 'Lomoviejo', 47),
(7321, 'Manzanillo', 47),
(7322, 'Marzales', 47),
(7323, 'Matapozuelos', 47),
(7324, 'Matilla de los Caños', 47),
(7325, 'Mayorga', 47),
(7326, 'Medina de Rioseco', 47),
(7327, 'Medina del Campo', 47),
(7328, 'Megeces', 47),
(7329, 'Melgar de Abajo', 47),
(7330, 'Melgar de Arriba', 47),
(7331, 'Mojados', 47),
(7332, 'Monasterio de Vega', 47),
(7333, 'Montealegre de Campos', 47),
(7334, 'Montemayor de Pililla', 47),
(7335, 'Moral de la Reina', 47),
(7336, 'Moraleja de las Panaderas', 47),
(7337, 'Morales de Campos', 47),
(7338, 'Mota del Marqués', 47),
(7339, 'Mucientes', 47),
(7340, 'Mudarra (La)', 47),
(7341, 'Muriel', 47),
(7342, 'Nava del Rey', 47),
(7343, 'Nueva Villa de las Torres', 47),
(7344, 'Olivares de Duero', 47),
(7345, 'Olmedo', 47),
(7346, 'Olmos de Esgueva', 47),
(7347, 'Olmos de Peñafiel', 47),
(7348, 'Palazuelo de Vedija', 47),
(7349, 'Parrilla (La)', 47),
(7350, 'Pedraja de Portillo (La)', 47),
(7351, 'Pedrajas de San Esteban', 47),
(7352, 'Pedrosa del Rey', 47),
(7353, 'Peñafiel', 47),
(7354, 'Peñaflor de Hornija', 47),
(7355, 'Pesquera de Duero', 47),
(7356, 'Piña de Esgueva', 47),
(7357, 'Piñel de Abajo', 47),
(7358, 'Piñel de Arriba', 47),
(7359, 'Pollos', 47),
(7360, 'Portillo', 47),
(7361, 'Pozal de Gallinas', 47),
(7362, 'Pozaldez', 47),
(7363, 'Pozuelo de la Orden', 47),
(7364, 'Puras', 47),
(7365, 'Quintanilla de Arriba', 47),
(7366, 'Quintanilla de Onésimo', 47),
(7367, 'Quintanilla de Trigueros', 47),
(7368, 'Quintanilla del Molar', 47),
(7369, 'Rábano', 47),
(7370, 'Ramiro', 47),
(7371, 'Renedo de Esgueva', 47),
(7372, 'Roales de Campos', 47),
(7373, 'Robladillo', 47),
(7374, 'Roturas', 47),
(7375, 'Rubí de Bracamonte', 47),
(7376, 'Rueda', 47),
(7377, 'Saelices de Mayorga', 47),
(7378, 'Salvador de Zapardiel', 47),
(7379, 'San Cebrián de Mazote', 47),
(7380, 'San Llorente', 47),
(7381, 'San Martín de Valvení', 47),
(7382, 'San Miguel del Arroyo', 47),
(7383, 'San Miguel del Pino', 47),
(7384, 'San Pablo de la Moraleja', 47),
(7385, 'San Pedro de Latarce', 47),
(7386, 'San Pelayo', 47),
(7387, 'San Román de Hornija', 47),
(7388, 'San Salvador', 47),
(7389, 'San Vicente del Palacio', 47),
(7390, 'Santa Eufemia del Arroyo', 47),
(7391, 'Santervás de Campos', 47),
(7392, 'Santibáñez de Valcorba', 47),
(7393, 'Santovenia de Pisuerga', 47),
(7394, 'Sardón de Duero', 47),
(7395, 'Seca (La)', 47),
(7396, 'Serrada', 47),
(7397, 'Siete Iglesias de Trabancos', 47),
(7398, 'Simancas', 47),
(7399, 'Tamariz de Campos', 47),
(7400, 'Tiedra', 47),
(7401, 'Tordehumos', 47),
(7402, 'Tordesillas', 47),
(7403, 'Torre de Esgueva', 47),
(7404, 'Torre de Peñafiel', 47),
(7405, 'Torrecilla de la Abadesa', 47),
(7406, 'Torrecilla de la Orden', 47),
(7407, 'Torrecilla de la Torre', 47),
(7408, 'Torrelobatón', 47),
(7409, 'Torrescárcela', 47),
(7410, 'Traspinedo', 47),
(7411, 'Trigueros del Valle', 47),
(7412, 'Tudela de Duero', 47),
(7413, 'Unión de Campos (La)', 47),
(7414, 'Urones de Castroponce', 47),
(7415, 'Urueña', 47),
(7416, 'Valbuena de Duero', 47),
(7417, 'Valdearcos de la Vega', 47),
(7418, 'Valdenebro de los Valles', 47),
(7419, 'Valdestillas', 47),
(7420, 'Valdunquillo', 47),
(7421, 'Valladolid', 47),
(7422, 'Valoria la Buena', 47),
(7423, 'Valverde de Campos', 47),
(7424, 'Vega de Ruiponce', 47),
(7425, 'Vega de Valdetronco', 47),
(7426, 'Velascálvaro', 47),
(7427, 'Velilla', 47),
(7428, 'Velliza', 47),
(7429, 'Ventosa de la Cuesta', 47),
(7430, 'Viana de Cega', 47),
(7431, 'Villabáñez', 47),
(7432, 'Villabaruz de Campos', 47),
(7433, 'Villabrágima', 47),
(7434, 'Villacarralón', 47),
(7435, 'Villacid de Campos', 47),
(7436, 'Villaco', 47),
(7437, 'Villafrades de Campos', 47),
(7438, 'Villafranca de Duero', 47),
(7439, 'Villafrechós', 47),
(7440, 'Villafuerte', 47),
(7441, 'Villagarcía de Campos', 47),
(7442, 'Villagómez la Nueva', 47),
(7443, 'Villalán de Campos', 47),
(7444, 'Villalar de los Comuneros', 47),
(7445, 'Villalba de la Loma', 47),
(7446, 'Villalba de los Alcores', 47),
(7447, 'Villalbarba', 47),
(7448, 'Villalón de Campos', 47),
(7449, 'Villamuriel de Campos', 47),
(7450, 'Villán de Tordesillas', 47),
(7451, 'Villanubla', 47),
(7452, 'Villanueva de Duero', 47),
(7453, 'Villanueva de la Condesa', 47),
(7454, 'Villanueva de los Caballeros', 47),
(7455, 'Villanueva de los Infantes', 47),
(7456, 'Villanueva de San Mancio', 47),
(7457, 'Villardefrades', 47),
(7458, 'Villarmentero de Esgueva', 47),
(7459, 'Villasexmir', 47),
(7460, 'Villavaquerín', 47),
(7461, 'Villavellid', 47),
(7462, 'Villaverde de Medina', 47),
(7463, 'Villavicencio de los Caballeros', 47),
(7464, 'Viloria', 47),
(7465, 'Wamba', 47),
(7466, 'Zaratán', 47),
(7467, 'Zarza (La)', 47),
(7468, 'Abadiño', 48),
(7469, 'Abanto y Ciérvana-Abanto Zierbena', 48),
(7470, 'Ajangiz', 48),
(7471, 'Alonsotegi', 48),
(7472, 'Amorebieta-Etxano', 48),
(7473, 'Amoroto', 48),
(7474, 'Arakaldo', 48),
(7475, 'Arantzazu', 48),
(7476, 'Areatza', 48),
(7477, 'Arrankudiaga', 48),
(7478, 'Arratzu', 48),
(7479, 'Arrieta', 48),
(7480, 'Arrigorriaga', 48),
(7481, 'Artea', 48),
(7482, 'Artzentales', 48),
(7483, 'Atxondo', 48),
(7484, 'Aulesti', 48),
(7485, 'Bakio', 48),
(7486, 'Balmaseda', 48),
(7487, 'Barakaldo', 48),
(7488, 'Barrika', 48),
(7489, 'Basauri', 48),
(7490, 'Bedia', 48),
(7491, 'Berango', 48),
(7492, 'Bermeo', 48),
(7493, 'Berriatua', 48),
(7494, 'Berriz', 48),
(7495, 'Bilbao', 48),
(7496, 'Busturia', 48),
(7497, 'Derio', 48),
(7498, 'Dima', 48),
(7499, 'Durango', 48),
(7500, 'Ea', 48),
(7501, 'Elantxobe', 48),
(7502, 'Elorrio', 48),
(7503, 'Erandio', 48),
(7504, 'Ereño', 48),
(7505, 'Ermua', 48),
(7506, 'Errigoiti', 48),
(7507, 'Etxebarri', 48),
(7508, 'Etxebarria', 48),
(7509, 'Forua', 48),
(7510, 'Fruiz', 48),
(7511, 'Galdakao', 48),
(7512, 'Galdames', 48),
(7513, 'Gamiz-Fika', 48),
(7514, 'Garai', 48),
(7515, 'Gatika', 48),
(7516, 'Gautegiz Arteaga', 48),
(7517, 'Gernika-Lumo', 48),
(7518, 'Getxo', 48),
(7519, 'Gizaburuaga', 48),
(7520, 'Gordexola', 48),
(7521, 'Gorliz', 48),
(7522, 'Güeñes', 48),
(7523, 'Ibarrangelu', 48),
(7524, 'Igorre', 48),
(7525, 'Ispaster', 48),
(7526, 'Iurreta', 48),
(7527, 'Izurtza', 48),
(7528, 'Karrantza Harana/Valle de Carranza', 48),
(7529, 'Kortezubi', 48),
(7530, 'Lanestosa', 48),
(7531, 'Larrabetzu', 48),
(7532, 'Laukiz', 48),
(7533, 'Leioa', 48),
(7534, 'Lekeitio', 48),
(7535, 'Lemoa', 48),
(7536, 'Lemoiz', 48),
(7537, 'Lezama', 48),
(7538, 'Loiu', 48),
(7539, 'Mallabia', 48),
(7540, 'Mañaria', 48),
(7541, 'Markina-Xemein', 48),
(7542, 'Maruri-Jatabe', 48),
(7543, 'Mendata', 48),
(7544, 'Mendexa', 48),
(7545, 'Meñaka', 48),
(7546, 'Morga', 48),
(7547, 'Mundaka', 48),
(7548, 'Mungia', 48),
(7549, 'Munitibar-Arbatzegi Gerrikaitz', 48),
(7550, 'Murueta', 48),
(7551, 'Muskiz', 48),
(7552, 'Muxika', 48),
(7553, 'Nabarniz', 48),
(7554, 'Ondarroa', 48),
(7555, 'Orozko', 48),
(7556, 'Ortuella', 48),
(7557, 'Otxandio', 48),
(7558, 'Plentzia', 48),
(7559, 'Portugalete', 48),
(7560, 'Santurtzi', 48),
(7561, 'Sestao', 48),
(7562, 'Sondika', 48),
(7563, 'Sopelana', 48),
(7564, 'Sopuerta', 48),
(7565, 'Sukarrieta', 48),
(7566, 'Trucios-Turtzioz', 48),
(7567, 'Ubide', 48),
(7568, 'Ugao-Miraballes', 48),
(7569, 'Urduliz', 48),
(7570, 'Urduña-Orduña', 48),
(7571, 'Valle de Trápaga-Trapagaran', 48),
(7572, 'Zaldibar', 48),
(7573, 'Zalla', 48),
(7574, 'Zamudio', 48),
(7575, 'Zaratamo', 48),
(7576, 'Zeanuri', 48),
(7577, 'Zeberio', 48),
(7578, 'Zierbena', 48),
(7579, 'Ziortza-Bolibar', 48),
(7580, 'Abezames', 49),
(7581, 'Alcañices', 49),
(7582, 'Alcubilla de Nogales', 49),
(7583, 'Alfaraz de Sayago', 49),
(7584, 'Algodre', 49),
(7585, 'Almaraz de Duero', 49),
(7586, 'Almeida de Sayago', 49),
(7587, 'Andavías', 49),
(7588, 'Arcenillas', 49),
(7589, 'Arcos de la Polvorosa', 49),
(7590, 'Argañín', 49),
(7591, 'Argujillo', 49),
(7592, 'Arquillinos', 49),
(7593, 'Arrabalde', 49),
(7594, 'Aspariegos', 49),
(7595, 'Asturianos', 49),
(7596, 'Ayoó de Vidriales', 49),
(7597, 'Barcial del Barco', 49),
(7598, 'Belver de los Montes', 49),
(7599, 'Benavente', 49),
(7600, 'Benegiles', 49),
(7601, 'Bermillo de Sayago', 49),
(7602, 'Bóveda de Toro (La)', 49),
(7603, 'Bretó', 49),
(7604, 'Bretocino', 49),
(7605, 'Brime de Sog', 49),
(7606, 'Brime de Urz', 49);
INSERT INTO `municipio` (`id`, `nombre`, `provincia_id`) VALUES
(7607, 'Burganes de Valverde', 49),
(7608, 'Bustillo del Oro', 49),
(7609, 'Cabañas de Sayago', 49),
(7610, 'Calzadilla de Tera', 49),
(7611, 'Camarzana de Tera', 49),
(7612, 'Cañizal', 49),
(7613, 'Cañizo', 49),
(7614, 'Carbajales de Alba', 49),
(7615, 'Carbellino', 49),
(7616, 'Casaseca de Campeán', 49),
(7617, 'Casaseca de las Chanas', 49),
(7618, 'Castrillo de la Guareña', 49),
(7619, 'Castrogonzalo', 49),
(7620, 'Castronuevo', 49),
(7621, 'Castroverde de Campos', 49),
(7622, 'Cazurra', 49),
(7623, 'Cerecinos de Campos', 49),
(7624, 'Cerecinos del Carrizal', 49),
(7625, 'Cernadilla', 49),
(7626, 'Cobreros', 49),
(7627, 'Coomonte', 49),
(7628, 'Coreses', 49),
(7629, 'Corrales', 49),
(7630, 'Cotanes del Monte', 49),
(7631, 'Cubillos', 49),
(7632, 'Cubo de Benavente', 49),
(7633, 'Cubo de Tierra del Vino (El)', 49),
(7634, 'Cuelgamures', 49),
(7635, 'Entrala', 49),
(7636, 'Espadañedo', 49),
(7637, 'Faramontanos de Tábara', 49),
(7638, 'Fariza', 49),
(7639, 'Fermoselle', 49),
(7640, 'Ferreras de Abajo', 49),
(7641, 'Ferreras de Arriba', 49),
(7642, 'Ferreruela', 49),
(7643, 'Figueruela de Arriba', 49),
(7644, 'Fonfría', 49),
(7645, 'Fresno de la Polvorosa', 49),
(7646, 'Fresno de la Ribera', 49),
(7647, 'Fresno de Sayago', 49),
(7648, 'Friera de Valverde', 49),
(7649, 'Fuente Encalada', 49),
(7650, 'Fuentelapeña', 49),
(7651, 'Fuentes de Ropel', 49),
(7652, 'Fuentesaúco', 49),
(7653, 'Fuentesecas', 49),
(7654, 'Fuentespreadas', 49),
(7655, 'Galende', 49),
(7656, 'Gallegos del Pan', 49),
(7657, 'Gallegos del Río', 49),
(7658, 'Gamones', 49),
(7659, 'Gema', 49),
(7660, 'Granja de Moreruela', 49),
(7661, 'Granucillo', 49),
(7662, 'Guarrate', 49),
(7663, 'Hermisende', 49),
(7664, 'Hiniesta (La)', 49),
(7665, 'Jambrina', 49),
(7666, 'Justel', 49),
(7667, 'Losacino', 49),
(7668, 'Losacio', 49),
(7669, 'Lubián', 49),
(7670, 'Luelmo', 49),
(7671, 'Maderal (El)', 49),
(7672, 'Madridanos', 49),
(7673, 'Mahide', 49),
(7674, 'Maire de Castroponce', 49),
(7675, 'Malva', 49),
(7676, 'Manganeses de la Lampreana', 49),
(7677, 'Manganeses de la Polvorosa', 49),
(7678, 'Manzanal de Arriba', 49),
(7679, 'Manzanal de los Infantes', 49),
(7680, 'Manzanal del Barco', 49),
(7681, 'Matilla de Arzón', 49),
(7682, 'Matilla la Seca', 49),
(7683, 'Mayalde', 49),
(7684, 'Melgar de Tera', 49),
(7685, 'Micereces de Tera', 49),
(7686, 'Milles de la Polvorosa', 49),
(7687, 'Molacillos', 49),
(7688, 'Molezuelas de la Carballeda', 49),
(7689, 'Mombuey', 49),
(7690, 'Monfarracinos', 49),
(7691, 'Montamarta', 49),
(7692, 'Moral de Sayago', 49),
(7693, 'Moraleja de Sayago', 49),
(7694, 'Moraleja del Vino', 49),
(7695, 'Morales de Rey', 49),
(7696, 'Morales de Toro', 49),
(7697, 'Morales de Valverde', 49),
(7698, 'Morales del Vino', 49),
(7699, 'Moralina', 49),
(7700, 'Moreruela de los Infanzones', 49),
(7701, 'Moreruela de Tábara', 49),
(7702, 'Muelas de los Caballeros', 49),
(7703, 'Muelas del Pan', 49),
(7704, 'Muga de Sayago', 49),
(7705, 'Navianos de Valverde', 49),
(7706, 'Olmillos de Castro', 49),
(7707, 'Otero de Bodas', 49),
(7708, 'Pajares de la Lampreana', 49),
(7709, 'Palacios de Sanabria', 49),
(7710, 'Palacios del Pan', 49),
(7711, 'Pedralba de la Pradería', 49),
(7712, 'Pego (El)', 49),
(7713, 'Peleagonzalo', 49),
(7714, 'Peleas de Abajo', 49),
(7715, 'Peñausende', 49),
(7716, 'Peque', 49),
(7717, 'Perdigón (El)', 49),
(7718, 'Pereruela', 49),
(7719, 'Perilla de Castro', 49),
(7720, 'Pías', 49),
(7721, 'Piedrahita de Castro', 49),
(7722, 'Pinilla de Toro', 49),
(7723, 'Pino del Oro', 49),
(7724, 'Piñero (El)', 49),
(7725, 'Pobladura de Valderaduey', 49),
(7726, 'Pobladura del Valle', 49),
(7727, 'Porto', 49),
(7728, 'Pozoantiguo', 49),
(7729, 'Pozuelo de Tábara', 49),
(7730, 'Prado', 49),
(7731, 'Puebla de Sanabria', 49),
(7732, 'Pueblica de Valverde', 49),
(7733, 'Quintanilla de Urz', 49),
(7734, 'Quintanilla del Monte', 49),
(7735, 'Quintanilla del Olmo', 49),
(7736, 'Quiruelas de Vidriales', 49),
(7737, 'Rabanales', 49),
(7738, 'Rábano de Aliste', 49),
(7739, 'Requejo', 49),
(7740, 'Revellinos', 49),
(7741, 'Riofrío de Aliste', 49),
(7742, 'Rionegro del Puente', 49),
(7743, 'Roales', 49),
(7744, 'Robleda-Cervantes', 49),
(7745, 'Roelos de Sayago', 49),
(7746, 'Rosinos de la Requejada', 49),
(7747, 'Salce', 49),
(7748, 'Samir de los Caños', 49),
(7749, 'San Agustín del Pozo', 49),
(7750, 'San Cebrián de Castro', 49),
(7751, 'San Cristóbal de Entreviñas', 49),
(7752, 'San Esteban del Molar', 49),
(7753, 'San Justo', 49),
(7754, 'San Martín de Valderaduey', 49),
(7755, 'San Miguel de la Ribera', 49),
(7756, 'San Miguel del Valle', 49),
(7757, 'San Pedro de Ceque', 49),
(7758, 'San Pedro de la Nave-Almendra', 49),
(7759, 'San Vicente de la Cabeza', 49),
(7760, 'San Vitero', 49),
(7761, 'Santa Clara de Avedillo', 49),
(7762, 'Santa Colomba de las Monjas', 49),
(7763, 'Santa Cristina de la Polvorosa', 49),
(7764, 'Santa Croya de Tera', 49),
(7765, 'Santa Eufemia del Barco', 49),
(7766, 'Santa María de la Vega', 49),
(7767, 'Santa María de Valverde', 49),
(7768, 'Santibáñez de Tera', 49),
(7769, 'Santibáñez de Vidriales', 49),
(7770, 'Santovenia', 49),
(7771, 'Sanzoles', 49),
(7772, 'Tábara', 49),
(7773, 'Tapioles', 49),
(7774, 'Toro', 49),
(7775, 'Torre del Valle (La)', 49),
(7776, 'Torregamones', 49),
(7777, 'Torres del Carrizal', 49),
(7778, 'Trabazos', 49),
(7779, 'Trefacio', 49),
(7780, 'Uña de Quintana', 49),
(7781, 'Vadillo de la Guareña', 49),
(7782, 'Valcabado', 49),
(7783, 'Valdefinjas', 49),
(7784, 'Valdescorriel', 49),
(7785, 'Vallesa de la Guareña', 49),
(7786, 'Vega de Tera', 49),
(7787, 'Vega de Villalobos', 49),
(7788, 'Vegalatrave', 49),
(7789, 'Venialbo', 49),
(7790, 'Vezdemarbán', 49),
(7791, 'Vidayanes', 49),
(7792, 'Videmala', 49),
(7793, 'Villabrázaro', 49),
(7794, 'Villabuena del Puente', 49),
(7795, 'Villadepera', 49),
(7796, 'Villaescusa', 49),
(7797, 'Villafáfila', 49),
(7798, 'Villaferrueña', 49),
(7799, 'Villageriz', 49),
(7800, 'Villalazán', 49),
(7801, 'Villalba de la Lampreana', 49),
(7802, 'Villalcampo', 49),
(7803, 'Villalobos', 49),
(7804, 'Villalonso', 49),
(7805, 'Villalpando', 49),
(7806, 'Villalube', 49),
(7807, 'Villamayor de Campos', 49),
(7808, 'Villamor de los Escuderos', 49),
(7809, 'Villanázar', 49),
(7810, 'Villanueva de Azoague', 49),
(7811, 'Villanueva de Campeán', 49),
(7812, 'Villanueva de las Peras', 49),
(7813, 'Villanueva del Campo', 49),
(7814, 'Villar de Fallaves', 49),
(7815, 'Villar del Buey', 49),
(7816, 'Villaralbo', 49),
(7817, 'Villardeciervos', 49),
(7818, 'Villardiegua de la Ribera', 49),
(7819, 'Villárdiga', 49),
(7820, 'Villardondiego', 49),
(7821, 'Villarrín de Campos', 49),
(7822, 'Villaseco del Pan', 49),
(7823, 'Villavendimio', 49),
(7824, 'Villaveza de Valverde', 49),
(7825, 'Villaveza del Agua', 49),
(7826, 'Viñas', 49),
(7827, 'Zamora', 49),
(7828, 'Abanto', 50),
(7829, 'Acered', 50),
(7830, 'Agón', 50),
(7831, 'Aguarón', 50),
(7832, 'Aguilón', 50),
(7833, 'Ainzón', 50),
(7834, 'Aladrén', 50),
(7835, 'Alagón', 50),
(7836, 'Alarba', 50),
(7837, 'Alberite de San Juan', 50),
(7838, 'Albeta', 50),
(7839, 'Alborge', 50),
(7840, 'Alcalá de Ebro', 50),
(7841, 'Alcalá de Moncayo', 50),
(7842, 'Alconchel de Ariza', 50),
(7843, 'Aldehuela de Liestos', 50),
(7844, 'Alfajarín', 50),
(7845, 'Alfamén', 50),
(7846, 'Alforque', 50),
(7847, 'Alhama de Aragón', 50),
(7848, 'Almochuel', 50),
(7849, 'Almolda (La)', 50),
(7850, 'Almonacid de la Cuba', 50),
(7851, 'Almonacid de la Sierra', 50),
(7852, 'Almunia de Doña Godina (La)', 50),
(7853, 'Alpartir', 50),
(7854, 'Ambel', 50),
(7855, 'Anento', 50),
(7856, 'Aniñón', 50),
(7857, 'Añón de Moncayo', 50),
(7858, 'Aranda de Moncayo', 50),
(7859, 'Arándiga', 50),
(7860, 'Ardisa', 50),
(7861, 'Ariza', 50),
(7862, 'Artieda', 50),
(7863, 'Asín', 50),
(7864, 'Atea', 50),
(7865, 'Ateca', 50),
(7866, 'Azuara', 50),
(7867, 'Badules', 50),
(7868, 'Bagüés', 50),
(7869, 'Balconchán', 50),
(7870, 'Bárboles', 50),
(7871, 'Bardallur', 50),
(7872, 'Belchite', 50),
(7873, 'Belmonte de Gracián', 50),
(7874, 'Berdejo', 50),
(7875, 'Berrueco', 50),
(7876, 'Biel', 50),
(7877, 'Bijuesca', 50),
(7878, 'Biota', 50),
(7879, 'Bisimbre', 50),
(7880, 'Boquiñeni', 50),
(7881, 'Bordalba', 50),
(7882, 'Borja', 50),
(7883, 'Botorrita', 50),
(7884, 'Brea de Aragón', 50),
(7885, 'Bubierca', 50),
(7886, 'Bujaraloz', 50),
(7887, 'Bulbuente', 50),
(7888, 'Bureta', 50),
(7889, 'Burgo de Ebro (El)', 50),
(7890, 'Buste (El)', 50),
(7891, 'Cabañas de Ebro', 50),
(7892, 'Cabolafuente', 50),
(7893, 'Cadrete', 50),
(7894, 'Calatayud', 50),
(7895, 'Calatorao', 50),
(7896, 'Calcena', 50),
(7897, 'Calmarza', 50),
(7898, 'Campillo de Aragón', 50),
(7899, 'Carenas', 50),
(7900, 'Cariñena', 50),
(7901, 'Caspe', 50),
(7902, 'Castejón de Alarba', 50),
(7903, 'Castejón de las Armas', 50),
(7904, 'Castejón de Valdejasa', 50),
(7905, 'Castiliscar', 50),
(7906, 'Cervera de la Cañada', 50),
(7907, 'Cerveruela', 50),
(7908, 'Cetina', 50),
(7909, 'Chiprana', 50),
(7910, 'Chodes', 50),
(7911, 'Cimballa', 50),
(7912, 'Cinco Olivas', 50),
(7913, 'Clarés de Ribota', 50),
(7914, 'Codo', 50),
(7915, 'Codos', 50),
(7916, 'Contamina', 50),
(7917, 'Cosuenda', 50),
(7918, 'Cuarte de Huerva', 50),
(7919, 'Cubel', 50),
(7920, 'Cuerlas (Las)', 50),
(7921, 'Daroca', 50),
(7922, 'Ejea de los Caballeros', 50),
(7923, 'Embid de Ariza', 50),
(7924, 'Encinacorba', 50),
(7925, 'Épila', 50),
(7926, 'Erla', 50),
(7927, 'Escatrón', 50),
(7928, 'Fabara', 50),
(7929, 'Farlete', 50),
(7930, 'Fayón', 50),
(7931, 'Fayos (Los)', 50),
(7932, 'Figueruelas', 50),
(7933, 'Fombuena', 50),
(7934, 'Frago (El)', 50),
(7935, 'Frasno (El)', 50),
(7936, 'Fréscano', 50),
(7937, 'Fuendejalón', 50),
(7938, 'Fuendetodos', 50),
(7939, 'Fuentes de Ebro', 50),
(7940, 'Fuentes de Jiloca', 50),
(7941, 'Gallocanta', 50),
(7942, 'Gallur', 50),
(7943, 'Gelsa', 50),
(7944, 'Godojos', 50),
(7945, 'Gotor', 50),
(7946, 'Grisel', 50),
(7947, 'Grisén', 50),
(7948, 'Herrera de los Navarros', 50),
(7949, 'Ibdes', 50),
(7950, 'Illueca', 50),
(7951, 'Isuerre', 50),
(7952, 'Jaraba', 50),
(7953, 'Jarque', 50),
(7954, 'Jaulín', 50),
(7955, 'Joyosa (La)', 50),
(7956, 'Lagata', 50),
(7957, 'Langa del Castillo', 50),
(7958, 'Layana', 50),
(7959, 'Lécera', 50),
(7960, 'Lechón', 50),
(7961, 'Leciñena', 50),
(7962, 'Letux', 50),
(7963, 'Litago', 50),
(7964, 'Lituénigo', 50),
(7965, 'Lobera de Onsella', 50),
(7966, 'Longares', 50),
(7967, 'Longás', 50),
(7968, 'Lucena de Jalón', 50),
(7969, 'Luceni', 50),
(7970, 'Luesia', 50),
(7971, 'Luesma', 50),
(7972, 'Lumpiaque', 50),
(7973, 'Luna', 50),
(7974, 'Maella', 50),
(7975, 'Magallón', 50),
(7976, 'Mainar', 50),
(7977, 'Malanquilla', 50),
(7978, 'Maleján', 50),
(7979, 'Mallén', 50),
(7980, 'Malón', 50),
(7981, 'Maluenda', 50),
(7982, 'Manchones', 50),
(7983, 'Mara', 50),
(7984, 'María de Huerva', 50),
(7985, 'Marracos', 50),
(7986, 'Mediana de Aragón', 50),
(7987, 'Mequinenza', 50),
(7988, 'Mesones de Isuela', 50),
(7989, 'Mezalocha', 50),
(7990, 'Mianos', 50),
(7991, 'Miedes de Aragón', 50),
(7992, 'Monegrillo', 50),
(7993, 'Moneva', 50),
(7994, 'Monreal de Ariza', 50),
(7995, 'Monterde', 50),
(7996, 'Montón', 50),
(7997, 'Morata de Jalón', 50),
(7998, 'Morata de Jiloca', 50),
(7999, 'Morés', 50),
(8000, 'Moros', 50),
(8001, 'Moyuela', 50),
(8002, 'Mozota', 50),
(8003, 'Muel', 50),
(8004, 'Muela (La)', 50),
(8005, 'Munébrega', 50),
(8006, 'Murero', 50),
(8007, 'Murillo de Gállego', 50),
(8008, 'Navardún', 50),
(8009, 'Nigüella', 50),
(8010, 'Nombrevilla', 50),
(8011, 'Nonaspe', 50),
(8012, 'Novallas', 50),
(8013, 'Novillas', 50),
(8014, 'Nuévalos', 50),
(8015, 'Nuez de Ebro', 50),
(8016, 'Olvés', 50),
(8017, 'Orcajo', 50),
(8018, 'Orera', 50),
(8019, 'Orés', 50),
(8020, 'Oseja', 50),
(8021, 'Osera de Ebro', 50),
(8022, 'Paniza', 50),
(8023, 'Paracuellos de Jiloca', 50),
(8024, 'Paracuellos de la Ribera', 50),
(8025, 'Pastriz', 50),
(8026, 'Pedrola', 50),
(8027, 'Pedrosas (Las)', 50),
(8028, 'Perdiguera', 50),
(8029, 'Piedratajada', 50),
(8030, 'Pina de Ebro', 50),
(8031, 'Pinseque', 50),
(8032, 'Pintanos (Los)', 50),
(8033, 'Plasencia de Jalón', 50),
(8034, 'Pleitas', 50),
(8035, 'Plenas', 50),
(8036, 'Pomer', 50),
(8037, 'Pozuel de Ariza', 50),
(8038, 'Pozuelo de Aragón', 50),
(8039, 'Pradilla de Ebro', 50),
(8040, 'Puebla de Albortón', 50),
(8041, 'Puebla de Alfindén (La)', 50),
(8042, 'Puendeluna', 50),
(8043, 'Purujosa', 50),
(8044, 'Quinto', 50),
(8045, 'Remolinos', 50),
(8046, 'Retascón', 50),
(8047, 'Ricla', 50),
(8048, 'Romanos', 50),
(8049, 'Rueda de Jalón', 50),
(8050, 'Ruesca', 50),
(8051, 'Sabiñán', 50),
(8052, 'Sádaba', 50),
(8053, 'Salillas de Jalón', 50),
(8054, 'Salvatierra de Esca', 50),
(8055, 'Samper del Salz', 50),
(8056, 'San Martín de la Virgen de Moncayo', 50),
(8057, 'San Mateo de Gállego', 50),
(8058, 'Santa Cruz de Grío', 50),
(8059, 'Santa Cruz de Moncayo', 50),
(8060, 'Santa Eulalia de Gállego', 50),
(8061, 'Santed', 50),
(8062, 'Sástago', 50),
(8063, 'Sediles', 50),
(8064, 'Sestrica', 50),
(8065, 'Sierra de Luna', 50),
(8066, 'Sigüés', 50),
(8067, 'Sisamón', 50),
(8068, 'Sobradiel', 50),
(8069, 'Sos del Rey Católico', 50),
(8070, 'Tabuenca', 50),
(8071, 'Talamantes', 50),
(8072, 'Tarazona', 50),
(8073, 'Tauste', 50),
(8074, 'Terrer', 50),
(8075, 'Tierga', 50),
(8076, 'Tobed', 50),
(8077, 'Torralba de los Frailes', 50),
(8078, 'Torralba de Ribota', 50),
(8079, 'Torralbilla', 50),
(8080, 'Torrehermosa', 50),
(8081, 'Torrelapaja', 50),
(8082, 'Torrellas', 50),
(8083, 'Torres de Berrellén', 50),
(8084, 'Torrijo de la Cañada', 50),
(8085, 'Tosos', 50),
(8086, 'Trasmoz', 50),
(8087, 'Trasobares', 50),
(8088, 'Uncastillo', 50),
(8089, 'Undués de Lerda', 50),
(8090, 'Urrea de Jalón', 50),
(8091, 'Urriés', 50),
(8092, 'Used', 50),
(8093, 'Utebo', 50),
(8094, 'Val de San Martín', 50),
(8095, 'Valdehorna', 50),
(8096, 'Valmadrid', 50),
(8097, 'Valpalmas', 50),
(8098, 'Valtorres', 50),
(8099, 'Velilla de Ebro', 50),
(8100, 'Velilla de Jiloca', 50),
(8101, 'Vera de Moncayo', 50),
(8102, 'Vierlas', 50),
(8103, 'Villadoz', 50),
(8104, 'Villafeliche', 50),
(8105, 'Villafranca de Ebro', 50),
(8106, 'Villalba de Perejil', 50),
(8107, 'Villalengua', 50),
(8108, 'Villamayor de Gállego', 50),
(8109, 'Villanueva de Gállego', 50),
(8110, 'Villanueva de Huerva', 50),
(8111, 'Villanueva de Jiloca', 50),
(8112, 'Villar de los Navarros', 50),
(8113, 'Villarreal de Huerva', 50),
(8114, 'Villarroya de la Sierra', 50),
(8115, 'Villarroya del Campo', 50),
(8116, 'Vilueña (La)', 50),
(8117, 'Vistabella', 50),
(8118, 'Zaida (La)', 50),
(8119, 'Zaragoza', 50),
(8120, 'Zuera', 50),
(8121, 'Ceuta', 51),
(8122, 'Melilla', 52);

-- --------------------------------------------------------

--
-- Estructura de tabla para la tabla `provincia`
--

CREATE TABLE IF NOT EXISTS `provincia` (
  `id` int(11) NOT NULL AUTO_INCREMENT,
  `nombre` varchar(100) NOT NULL,
  `comunidad_id` int(11) NOT NULL,
  PRIMARY KEY (`id`),
  KEY `fk_comunidad_idx` (`comunidad_id`)
) ENGINE=InnoDB  DEFAULT CHARSET=latin1 AUTO_INCREMENT=53 ;

--
-- Volcado de datos para la tabla `provincia`
--

INSERT INTO `provincia` (`id`, `nombre`, `comunidad_id`) VALUES
(1, 'Araba/Álava', 16),
(2, 'Albacete', 8),
(3, 'Alicante/Alacant', 10),
(4, 'Almería', 1),
(5, 'Ávila', 7),
(6, 'Badajoz', 11),
(7, 'Balears, Illes', 4),
(8, 'Barcelona', 9),
(9, 'Burgos', 7),
(10, 'Cáceres', 11),
(11, 'Cádiz', 1),
(12, 'Castellón/Castelló', 10),
(13, 'Ciudad Real', 8),
(14, 'Córdoba', 1),
(15, 'Coruña, A', 12),
(16, 'Cuenca', 8),
(17, 'Girona', 9),
(18, 'Granada', 1),
(19, 'Guadalajara', 8),
(20, 'Gipuzkoa', 16),
(21, 'Huelva', 1),
(22, 'Huesca', 2),
(23, 'Jaén', 1),
(24, 'León', 7),
(25, 'Lleida', 9),
(26, 'Rioja, La', 17),
(27, 'Lugo', 12),
(28, 'Madrid', 13),
(29, 'Málaga', 1),
(30, 'Murcia', 14),
(31, 'Navarra', 15),
(32, 'Ourense', 12),
(33, 'Asturias', 3),
(34, 'Palencia', 7),
(35, 'Palmas, Las', 5),
(36, 'Pontevedra', 12),
(37, 'Salamanca', 7),
(38, 'Santa Cruz de Tenerife', 5),
(39, 'Cantabria', 6),
(40, 'Segovia', 7),
(41, 'Sevilla', 1),
(42, 'Soria', 7),
(43, 'Tarragona', 9),
(44, 'Teruel', 2),
(45, 'Toledo', 8),
(46, 'Valencia/València', 10),
(47, 'Valladolid', 7),
(48, 'Bizkaia', 16),
(49, 'Zamora', 7),
(50, 'Zaragoza', 2),
(51, 'Ceuta', 18),
(52, 'Melilla', 19);

-- --------------------------------------------------------

--
-- Estructura de tabla para la tabla `proyecto`
--

CREATE TABLE IF NOT EXISTS `proyecto` (
  `id` int(11) NOT NULL AUTO_INCREMENT,
  `nombre` varchar(100) NOT NULL,
  `descripcion` text NOT NULL,
  `slug` varchar(125) DEFAULT NULL,
  `municipio_id` int(11) NOT NULL,
  `anyo` year(4) DEFAULT NULL,
  `superficie` int(11) DEFAULT NULL,
  `tipologia_id` int(11) DEFAULT NULL,
  `constructor` int(11) DEFAULT NULL,
  `promotor` int(11) DEFAULT NULL,
  `colaboradores` text,
  `gallery_id` int(11) DEFAULT NULL,
  PRIMARY KEY (`id`),
  KEY `fk_municipio_idx` (`municipio_id`),
  KEY `fk_tipologia_idx` (`tipologia_id`),
  KEY `fk_constructor_idx` (`constructor`),
  KEY `fk_promotor_idx` (`promotor`),
  KEY `gallery_id` (`gallery_id`)
) ENGINE=InnoDB  DEFAULT CHARSET=latin1 AUTO_INCREMENT=8 ;

--
-- Volcado de datos para la tabla `proyecto`
--

INSERT INTO `proyecto` (`id`, `nombre`, `descripcion`, `slug`, `municipio_id`, `anyo`, `superficie`, `tipologia_id`, `constructor`, `promotor`, `colaboradores`, `gallery_id`) VALUES
(1, 'Vivienda G&B', 'Vivienda unifamiliar entre medianeras', 'vivienda-gb', 1833, 2016, 200, 1, NULL, 1, 'Alejandro Gómez Vives', 1),
(2, 'CEIP Les Useres', 'Colegio de Educación Infantil y Primaria de Les Useres', 'ceip-les-useres', 1931, 2007, NULL, 3, NULL, 2, 'Daniel Mas Mateu', 2),
(3, 'Edificio de 4 Viviendas', 'Edificio de 4 Viviendas y Local Comercial', 'edificio-de-4-viviendas', 1853, 2015, 900, 1, NULL, 1, '', 3),
(4, 'Vivienda J&E', 'Vivienda unifamiliar entre medianeras', 'vivienda-je', 1932, 2015, 280, 1, NULL, 1, '', 4),
(5, 'Vivienda J&A', 'Vivienda unifamiliar aislada', 'vivienda-ja', 1833, 2016, 430, 1, NULL, 1, '', 5),
(6, 'Vivienda J&L', 'Vivienda unifamiliar aislada', 'vivienda-jl', 1820, 2016, 650, 1, NULL, 1, '', 6),
(7, 'Vivienda C&M', 'Vivienda unifamiliar entre medianeras', 'vivienda-cm', 1833, 2014, 220, 1, NULL, 1, '', 7);

-- --------------------------------------------------------

--
-- Estructura de tabla para la tabla `tipologia`
--

CREATE TABLE IF NOT EXISTS `tipologia` (
  `id` int(11) NOT NULL AUTO_INCREMENT,
  `nombre` varchar(100) NOT NULL,
  PRIMARY KEY (`id`)
) ENGINE=InnoDB  DEFAULT CHARSET=latin1 AUTO_INCREMENT=4 ;

--
-- Volcado de datos para la tabla `tipologia`
--

INSERT INTO `tipologia` (`id`, `nombre`) VALUES
(1, 'Residencial'),
(2, 'Rehabilitación'),
(3, 'Publico');

--
-- Restricciones para tablas volcadas
--

--
-- Filtros para la tabla `gallery_photo`
--
ALTER TABLE `gallery_photo`
  ADD CONSTRAINT `fk_gallery_photo_gallery1` FOREIGN KEY (`gallery_id`) REFERENCES `gallery` (`id`) ON DELETE NO ACTION ON UPDATE NO ACTION;

--
-- Filtros para la tabla `municipio`
--
ALTER TABLE `municipio`
  ADD CONSTRAINT `municipio_ibfk_1` FOREIGN KEY (`provincia_id`) REFERENCES `provincia` (`id`) ON DELETE CASCADE ON UPDATE CASCADE;

--
-- Filtros para la tabla `provincia`
--
ALTER TABLE `provincia`
  ADD CONSTRAINT `provincia_ibfk_1` FOREIGN KEY (`comunidad_id`) REFERENCES `comunidad` (`id`) ON DELETE CASCADE ON UPDATE CASCADE;

--
-- Filtros para la tabla `proyecto`
--
ALTER TABLE `proyecto`
  ADD CONSTRAINT `fk_constructor` FOREIGN KEY (`constructor`) REFERENCES `empresa` (`id`) ON DELETE NO ACTION ON UPDATE NO ACTION,
  ADD CONSTRAINT `fk_municipio` FOREIGN KEY (`municipio_id`) REFERENCES `municipio` (`id`) ON DELETE NO ACTION ON UPDATE NO ACTION,
  ADD CONSTRAINT `fk_promotor` FOREIGN KEY (`promotor`) REFERENCES `empresa` (`id`) ON DELETE NO ACTION ON UPDATE NO ACTION,
  ADD CONSTRAINT `fk_tipologia` FOREIGN KEY (`tipologia_id`) REFERENCES `tipologia` (`id`) ON DELETE NO ACTION ON UPDATE NO ACTION,
  ADD CONSTRAINT `proyecto_ibfk_1` FOREIGN KEY (`gallery_id`) REFERENCES `gallery` (`id`);

/*!40101 SET CHARACTER_SET_CLIENT=@OLD_CHARACTER_SET_CLIENT */;
/*!40101 SET CHARACTER_SET_RESULTS=@OLD_CHARACTER_SET_RESULTS */;
/*!40101 SET COLLATION_CONNECTION=@OLD_COLLATION_CONNECTION */;
